Baseline_proba,Augmented_proba,Augmented_2_proba,true_label,Baseline_label,Augmented_label,Augmented_2_label,Baseline_class,Augmented_class,Augmented_2_class
0.985342,0.758966,0.99943936,1.0,1,1,1,poisonous,poisonous,poisonous
0.7961871,0.8295992,0.99952435,1.0,1,1,1,poisonous,poisonous,poisonous
0.9698951,0.45385617,0.9983421,1.0,1,0,1,poisonous,edible,poisonous
0.968474,0.82075024,0.9997034,1.0,1,1,1,poisonous,poisonous,poisonous
0.98447186,0.7891817,0.99955964,1.0,1,1,1,poisonous,poisonous,poisonous
0.6739121,0.9500207,0.99878573,1.0,1,1,1,poisonous,poisonous,poisonous
0.8168595,0.8674373,0.9962464,1.0,1,1,1,poisonous,poisonous,poisonous
0.98844934,0.9764117,0.9998661,1.0,1,1,1,poisonous,poisonous,poisonous
0.58403504,0.55455464,0.9968197,1.0,1,1,1,poisonous,poisonous,poisonous
0.58829725,0.8679771,0.9754389,1.0,1,1,1,poisonous,poisonous,poisonous
0.80906993,0.90554404,0.99048084,1.0,1,1,1,poisonous,poisonous,poisonous
0.7493879,0.94330436,0.9915781,1.0,1,1,1,poisonous,poisonous,poisonous
0.9580441,0.84348613,0.9997658,1.0,1,1,1,poisonous,poisonous,poisonous
0.9959966,0.3214365,0.99844074,1.0,1,0,1,poisonous,edible,poisonous
0.8229759,0.6782662,0.08512288,1.0,1,1,0,poisonous,poisonous,edible
0.8093255,0.78451145,0.9994664,1.0,1,1,1,poisonous,poisonous,poisonous
0.925668,0.9014748,0.9989226,1.0,1,1,1,poisonous,poisonous,poisonous
0.58768165,0.4113562,0.98733133,1.0,1,0,1,poisonous,edible,poisonous
0.9516581,0.86864954,0.9885554,1.0,1,1,1,poisonous,poisonous,poisonous
0.5450546,0.4416654,0.9711444,1.0,1,0,1,poisonous,edible,poisonous
0.5660593,0.8201704,0.9969088,1.0,1,1,1,poisonous,poisonous,poisonous
0.9409055,0.90416944,0.9996269,1.0,1,1,1,poisonous,poisonous,poisonous
0.7917725,0.6100024,0.9997498,1.0,1,1,1,poisonous,poisonous,poisonous
0.87679344,0.48203084,0.9878398,1.0,1,0,1,poisonous,edible,poisonous
0.9717719,0.846198,0.99691546,1.0,1,1,1,poisonous,poisonous,poisonous
0.5373778,0.8030854,0.99028456,1.0,1,1,1,poisonous,poisonous,poisonous
0.34169814,0.21447979,0.9969386,1.0,0,0,1,edible,edible,poisonous
0.6546955,0.521858,0.99905306,1.0,1,1,1,poisonous,poisonous,poisonous
0.9669665,0.8699877,0.99616694,1.0,1,1,1,poisonous,poisonous,poisonous
0.89984196,0.7101643,0.9934838,1.0,1,1,1,poisonous,poisonous,poisonous
0.63679475,0.7386981,0.9999363,1.0,1,1,1,poisonous,poisonous,poisonous
0.9379774,0.72552973,0.9938221,1.0,1,1,1,poisonous,poisonous,poisonous
0.5406529,0.6955954,0.9985279,1.0,1,1,1,poisonous,poisonous,poisonous
0.9138536,0.85168296,0.9924141,1.0,1,1,1,poisonous,poisonous,poisonous
0.90075046,0.830964,0.99953973,1.0,1,1,1,poisonous,poisonous,poisonous
0.41203794,0.6295292,0.9951008,1.0,0,1,1,edible,poisonous,poisonous
0.33641323,0.5162085,0.9999276,1.0,0,1,1,edible,poisonous,poisonous
0.25954354,0.512384,0.99945605,1.0,0,1,1,edible,poisonous,poisonous
0.6567192,0.81920147,0.9955681,1.0,1,1,1,poisonous,poisonous,poisonous
0.6803879,0.94274926,0.999998,1.0,1,1,1,poisonous,poisonous,poisonous
0.82126004,0.7543777,0.8954675,1.0,1,1,1,poisonous,poisonous,poisonous
0.7597038,0.71266335,0.99898666,1.0,1,1,1,poisonous,poisonous,poisonous
0.8686035,0.918904,0.99761856,1.0,1,1,1,poisonous,poisonous,poisonous
0.8528721,0.5131882,0.99970835,1.0,1,1,1,poisonous,poisonous,poisonous
0.58473945,0.8240907,0.9976322,1.0,1,1,1,poisonous,poisonous,poisonous
0.5892345,0.3407886,0.99993825,1.0,1,0,1,poisonous,edible,poisonous
0.72466254,0.5705802,0.9999253,1.0,1,1,1,poisonous,poisonous,poisonous
0.8304188,0.7427692,0.8632505,1.0,1,1,1,poisonous,poisonous,poisonous
0.9450579,0.90086484,0.9993328,1.0,1,1,1,poisonous,poisonous,poisonous
0.61969763,0.9356837,0.9986144,1.0,1,1,1,poisonous,poisonous,poisonous
0.9856883,0.832615,0.9996167,1.0,1,1,1,poisonous,poisonous,poisonous
0.7562154,0.7409319,0.9890609,1.0,1,1,1,poisonous,poisonous,poisonous
0.9678827,0.93404025,0.9999693,1.0,1,1,1,poisonous,poisonous,poisonous
0.4425267,0.60404474,0.9990676,1.0,0,1,1,edible,poisonous,poisonous
0.5318069,0.7576996,0.9999617,1.0,1,1,1,poisonous,poisonous,poisonous
0.3333442,0.36151823,0.95935875,1.0,0,0,1,edible,edible,poisonous
0.46073666,0.75521684,0.9988461,1.0,0,1,1,edible,poisonous,poisonous
0.97686267,0.86214864,0.9998861,1.0,1,1,1,poisonous,poisonous,poisonous
0.85952145,0.94530195,0.998702,1.0,1,1,1,poisonous,poisonous,poisonous
0.9379774,0.72552973,0.9938221,1.0,1,1,1,poisonous,poisonous,poisonous
0.8150036,0.8341691,0.99576086,1.0,1,1,1,poisonous,poisonous,poisonous
0.9539009,0.826794,0.9967117,1.0,1,1,1,poisonous,poisonous,poisonous
0.47977784,0.7624616,0.9988536,1.0,0,1,1,edible,poisonous,poisonous
0.51301664,0.29840353,0.9991917,1.0,1,0,1,poisonous,edible,poisonous
0.5406529,0.6955954,0.9985279,1.0,1,1,1,poisonous,poisonous,poisonous
0.24504864,0.7632157,0.98332894,1.0,0,1,1,edible,poisonous,poisonous
0.48394212,0.54655004,0.59753567,1.0,0,1,1,edible,poisonous,poisonous
0.10491697,0.53140265,0.5945577,1.0,0,1,1,edible,poisonous,poisonous
0.9580441,0.84348613,0.9997658,1.0,1,1,1,poisonous,poisonous,poisonous
0.58403504,0.55455464,0.9968197,1.0,1,1,1,poisonous,poisonous,poisonous
0.7687027,0.43546948,0.9864768,1.0,1,0,1,poisonous,edible,poisonous
0.8582445,0.69062364,0.7018878,1.0,1,1,1,poisonous,poisonous,poisonous
0.58829725,0.8679771,0.9754389,1.0,1,1,1,poisonous,poisonous,poisonous
0.7234801,0.6484826,0.9992944,1.0,1,1,1,poisonous,poisonous,poisonous
0.74949545,0.8471308,0.19249651,1.0,1,1,0,poisonous,poisonous,edible
0.9865145,0.893769,0.99997926,1.0,1,1,1,poisonous,poisonous,poisonous
0.6377737,0.70999914,0.99991614,1.0,1,1,1,poisonous,poisonous,poisonous
0.9551817,0.8092975,0.9944979,1.0,1,1,1,poisonous,poisonous,poisonous
0.992229,0.95397407,0.9932398,1.0,1,1,1,poisonous,poisonous,poisonous
0.9588847,0.87759894,0.99587774,1.0,1,1,1,poisonous,poisonous,poisonous
0.9959966,0.3214365,0.99844074,1.0,1,0,1,poisonous,edible,poisonous
0.57863677,0.7268318,0.9772936,1.0,1,1,1,poisonous,poisonous,poisonous
0.56553626,0.28852984,0.7796402,1.0,1,0,1,poisonous,edible,poisonous
0.82588637,0.7677376,0.9999747,1.0,1,1,1,poisonous,poisonous,poisonous
0.8689226,0.8095436,0.9964393,1.0,1,1,1,poisonous,poisonous,poisonous
0.2672755,0.67602146,0.9844754,1.0,0,1,1,edible,poisonous,poisonous
0.70465946,0.8837628,0.9986797,1.0,1,1,1,poisonous,poisonous,poisonous
0.9379774,0.72552973,0.9938221,1.0,1,1,1,poisonous,poisonous,poisonous
0.78021574,0.886809,0.999525,1.0,1,1,1,poisonous,poisonous,poisonous
0.69146895,0.9224488,0.999405,1.0,1,1,1,poisonous,poisonous,poisonous
0.9698951,0.45385617,0.9983421,1.0,1,0,1,poisonous,edible,poisonous
0.9450585,0.8927172,0.99444866,1.0,1,1,1,poisonous,poisonous,poisonous
0.98447186,0.7891817,0.99955964,1.0,1,1,1,poisonous,poisonous,poisonous
0.67659074,0.87315995,0.99995536,1.0,1,1,1,poisonous,poisonous,poisonous
0.942759,0.9514368,0.99994665,1.0,1,1,1,poisonous,poisonous,poisonous
0.8816491,0.87252676,0.99481153,1.0,1,1,1,poisonous,poisonous,poisonous
0.75670123,0.41450968,0.99999374,1.0,1,0,1,poisonous,edible,poisonous
0.5252767,0.49161503,0.9443219,1.0,1,0,1,poisonous,edible,poisonous
0.58288425,0.4811931,0.9965474,1.0,1,0,1,poisonous,edible,poisonous
0.98818946,0.8827318,0.99987125,1.0,1,1,1,poisonous,poisonous,poisonous
0.74809784,0.8239631,0.9481316,1.0,1,1,1,poisonous,poisonous,poisonous
0.8554764,0.3690205,0.99716854,1.0,1,0,1,poisonous,edible,poisonous
0.68547755,0.6131975,0.98773307,1.0,1,1,1,poisonous,poisonous,poisonous
0.4389812,0.65718865,0.9947769,1.0,0,1,1,edible,poisonous,poisonous
0.3135107,0.32500702,0.9972,1.0,0,0,1,edible,edible,poisonous
0.5363505,0.6893054,0.6346962,1.0,1,1,1,poisonous,poisonous,poisonous
0.8637104,0.88743377,0.9996914,1.0,1,1,1,poisonous,poisonous,poisonous
0.8238166,0.48783097,0.99589723,1.0,1,0,1,poisonous,edible,poisonous
0.5358293,0.16734526,0.9993287,1.0,1,0,1,poisonous,edible,poisonous
0.8119904,0.6147561,0.9999262,1.0,1,1,1,poisonous,poisonous,poisonous
0.72855747,0.89247376,0.99997586,1.0,1,1,1,poisonous,poisonous,poisonous
0.6019454,0.8461114,0.9981254,1.0,1,1,1,poisonous,poisonous,poisonous
0.24520871,0.768724,0.9880715,1.0,0,1,1,edible,poisonous,poisonous
0.73590416,0.4884948,0.9999857,1.0,1,0,1,poisonous,edible,poisonous
0.32354176,0.26367408,0.9612501,1.0,0,0,1,edible,edible,poisonous
0.42236945,0.51623064,0.9499939,1.0,0,1,1,edible,poisonous,poisonous
0.5823718,0.08450548,0.9999363,1.0,1,0,1,poisonous,edible,poisonous
0.3678217,0.75955003,0.9999648,1.0,0,1,1,edible,poisonous,poisonous
0.75796145,0.9491006,0.9894096,1.0,1,1,1,poisonous,poisonous,poisonous
0.77481776,0.7723133,0.9972044,1.0,1,1,1,poisonous,poisonous,poisonous
0.40385932,0.8692047,0.98638296,1.0,0,1,1,edible,poisonous,poisonous
0.83385205,0.9303049,0.9999615,1.0,1,1,1,poisonous,poisonous,poisonous
0.7354387,0.8490968,0.99307525,1.0,1,1,1,poisonous,poisonous,poisonous
0.9679288,0.43648595,0.9994022,1.0,1,0,1,poisonous,edible,poisonous
0.9739916,0.8775859,0.99981207,1.0,1,1,1,poisonous,poisonous,poisonous
0.84115875,0.92862105,0.9997647,1.0,1,1,1,poisonous,poisonous,poisonous
0.11916797,0.04948212,0.32803506,1.0,0,0,0,edible,edible,edible
0.9379774,0.72552973,0.9938221,1.0,1,1,1,poisonous,poisonous,poisonous
0.45268527,0.9710397,0.9999193,1.0,0,1,1,edible,poisonous,poisonous
0.47977784,0.7624616,0.9988536,1.0,0,1,1,edible,poisonous,poisonous
0.39143258,0.17068131,0.87163574,1.0,0,0,1,edible,edible,poisonous
0.8537561,0.61648136,0.9944435,1.0,1,1,1,poisonous,poisonous,poisonous
0.60405856,0.65378773,0.9938228,1.0,1,1,1,poisonous,poisonous,poisonous
0.25186113,0.55049103,0.9763023,1.0,0,1,1,edible,poisonous,poisonous
0.54611087,0.6229808,0.99911946,1.0,1,1,1,poisonous,poisonous,poisonous
0.698139,0.8518995,0.9825584,1.0,1,1,1,poisonous,poisonous,poisonous
0.9503924,0.96302307,0.9995196,1.0,1,1,1,poisonous,poisonous,poisonous
0.5346853,0.63698167,0.99827963,1.0,1,1,1,poisonous,poisonous,poisonous
0.81257635,0.47564393,0.9997655,1.0,1,0,1,poisonous,edible,poisonous
0.58470476,0.6586484,0.9578922,1.0,1,1,1,poisonous,poisonous,poisonous
0.40926373,0.18665566,0.00026072998,1.0,0,0,0,edible,edible,edible
0.8528721,0.5131882,0.99970835,1.0,1,1,1,poisonous,poisonous,poisonous
0.2875127,0.38229588,0.962807,1.0,0,0,1,edible,edible,poisonous
0.9843954,0.826064,0.99982226,1.0,1,1,1,poisonous,poisonous,poisonous
0.9019054,0.6969837,0.9999829,1.0,1,1,1,poisonous,poisonous,poisonous
0.88437456,0.7444582,0.96153265,1.0,1,1,1,poisonous,poisonous,poisonous
0.11813911,0.40272638,0.5643843,1.0,0,0,1,edible,edible,poisonous
0.613616,0.6972883,0.99984443,1.0,1,1,1,poisonous,poisonous,poisonous
0.40157923,0.28038338,0.97936547,1.0,0,0,1,edible,edible,poisonous
0.97686267,0.86214864,0.9998861,1.0,1,1,1,poisonous,poisonous,poisonous
0.34005237,0.307475,0.99754137,1.0,0,0,1,edible,edible,poisonous
0.41209197,0.5059725,0.9972513,1.0,0,1,1,edible,poisonous,poisonous
0.37792447,0.89020175,0.9903971,1.0,0,1,1,edible,poisonous,poisonous
0.7841747,0.65245426,0.99769413,1.0,1,1,1,poisonous,poisonous,poisonous
0.64068806,0.6592423,0.9999549,1.0,1,1,1,poisonous,poisonous,poisonous
0.7540162,0.8444082,0.9998529,1.0,1,1,1,poisonous,poisonous,poisonous
0.13503806,0.8780664,0.9862472,1.0,0,1,1,edible,poisonous,poisonous
0.6020649,0.6496734,0.90535885,1.0,1,1,1,poisonous,poisonous,poisonous
0.48736262,0.38914925,0.9741274,1.0,0,0,1,edible,edible,poisonous
0.24812302,0.530695,0.99933356,1.0,0,1,1,edible,poisonous,poisonous
0.8384096,0.52810866,0.99909455,1.0,1,1,1,poisonous,poisonous,poisonous
0.81814677,0.8409099,0.99953854,1.0,1,1,1,poisonous,poisonous,poisonous
0.7616841,0.42101175,0.9680015,1.0,1,0,1,poisonous,edible,poisonous
0.6137692,0.47973457,0.9168207,1.0,1,0,1,poisonous,edible,poisonous
0.6017912,0.3184982,0.9858553,1.0,1,0,1,poisonous,edible,poisonous
0.59509206,0.9025187,0.9998269,1.0,1,1,1,poisonous,poisonous,poisonous
0.78447413,0.5939981,0.99998236,1.0,1,1,1,poisonous,poisonous,poisonous
0.5380882,0.12420578,0.98796874,1.0,1,0,1,poisonous,edible,poisonous
0.614981,0.7279514,0.94868517,1.0,1,1,1,poisonous,poisonous,poisonous
0.9471573,0.89538985,0.99906904,1.0,1,1,1,poisonous,poisonous,poisonous
0.79406166,0.910783,0.9952025,1.0,1,1,1,poisonous,poisonous,poisonous
0.5496287,0.72460234,0.9845744,1.0,1,1,1,poisonous,poisonous,poisonous
0.90065134,0.81319916,0.99930453,1.0,1,1,1,poisonous,poisonous,poisonous
0.9114157,0.6685134,0.99968624,1.0,1,1,1,poisonous,poisonous,poisonous
0.38667625,0.79488254,0.98873657,1.0,0,1,1,edible,poisonous,poisonous
0.80733246,0.525464,0.9895691,1.0,1,1,1,poisonous,poisonous,poisonous
0.8267721,0.85034746,0.9342078,1.0,1,1,1,poisonous,poisonous,poisonous
0.3874475,0.52974653,0.9618073,1.0,0,1,1,edible,poisonous,poisonous
0.67210895,0.67770386,0.9786917,1.0,1,1,1,poisonous,poisonous,poisonous
0.7276155,0.70152813,0.78707373,1.0,1,1,1,poisonous,poisonous,poisonous
0.6748173,0.8159722,0.9993326,1.0,1,1,1,poisonous,poisonous,poisonous
0.9578569,0.92291206,0.99831957,1.0,1,1,1,poisonous,poisonous,poisonous
0.8960185,0.915591,0.99885523,1.0,1,1,1,poisonous,poisonous,poisonous
0.95748985,0.9599101,0.9985309,1.0,1,1,1,poisonous,poisonous,poisonous
0.7233681,0.6783828,0.94380885,1.0,1,1,1,poisonous,poisonous,poisonous
0.73400784,0.90384495,0.9999997,1.0,1,1,1,poisonous,poisonous,poisonous
0.6711781,0.23524828,0.993018,1.0,1,0,1,poisonous,edible,poisonous
0.92947334,0.7846686,0.9836514,1.0,1,1,1,poisonous,poisonous,poisonous
0.60693693,0.74924004,0.9982716,1.0,1,1,1,poisonous,poisonous,poisonous
0.48535937,0.327714,0.99701625,1.0,0,0,1,edible,edible,poisonous
0.7022803,0.5212224,0.9999731,1.0,1,1,1,poisonous,poisonous,poisonous
0.8960185,0.915591,0.99885523,1.0,1,1,1,poisonous,poisonous,poisonous
0.3748617,0.632903,0.99921346,1.0,0,1,1,edible,poisonous,poisonous
0.7544651,0.8256835,0.9657928,1.0,1,1,1,poisonous,poisonous,poisonous
0.87158746,0.9063668,0.99757284,1.0,1,1,1,poisonous,poisonous,poisonous
0.22316934,0.12658085,0.32730448,1.0,0,0,0,edible,edible,edible
0.845851,0.8065476,0.9982422,1.0,1,1,1,poisonous,poisonous,poisonous
0.17077236,0.8271713,0.8730197,1.0,0,1,1,edible,poisonous,poisonous
0.86910003,0.7873294,0.9949906,1.0,1,1,1,poisonous,poisonous,poisonous
0.54451436,0.27837107,0.97325397,1.0,1,0,1,poisonous,edible,poisonous
0.9301907,0.8697301,0.99832135,1.0,1,1,1,poisonous,poisonous,poisonous
0.66960984,0.6416792,0.35916537,1.0,1,1,0,poisonous,poisonous,edible
0.8752556,0.93783766,0.9960104,1.0,1,1,1,poisonous,poisonous,poisonous
0.9362938,0.7596383,0.99935985,1.0,1,1,1,poisonous,poisonous,poisonous
0.31701627,0.6325663,0.9921527,1.0,0,1,1,edible,poisonous,poisonous
0.4807146,0.5284766,0.97698855,1.0,0,1,1,edible,poisonous,poisonous
0.36510423,0.3662948,0.028987315,1.0,0,0,0,edible,edible,edible
0.36037308,0.90124536,0.9994751,1.0,0,1,1,edible,poisonous,poisonous
0.60518605,0.7936585,0.99368256,1.0,1,1,1,poisonous,poisonous,poisonous
0.8105286,0.44780198,0.99953365,1.0,1,0,1,poisonous,edible,poisonous
0.6579733,0.67269266,0.91885835,1.0,1,1,1,poisonous,poisonous,poisonous
0.6279998,0.7049689,0.9840782,1.0,1,1,1,poisonous,poisonous,poisonous
0.417749,0.92117125,0.9993587,1.0,0,1,1,edible,poisonous,poisonous
0.4871382,0.13581568,0.9987137,1.0,0,0,1,edible,edible,poisonous
0.9589089,0.741177,0.9954242,1.0,1,1,1,poisonous,poisonous,poisonous
0.7184994,0.8382662,0.9906578,1.0,1,1,1,poisonous,poisonous,poisonous
0.6667056,0.99635184,0.9988929,1.0,1,1,1,poisonous,poisonous,poisonous
0.35113215,0.868911,0.98643005,1.0,0,1,1,edible,poisonous,poisonous
0.7180881,0.7816285,0.8313683,1.0,1,1,1,poisonous,poisonous,poisonous
0.8925664,0.06772012,0.97649914,1.0,1,0,1,poisonous,edible,poisonous
0.5444366,0.9595077,0.99999857,1.0,1,1,1,poisonous,poisonous,poisonous
0.6815258,0.9680071,0.99962336,1.0,1,1,1,poisonous,poisonous,poisonous
0.53731316,0.16316184,0.98555905,1.0,1,0,1,poisonous,edible,poisonous
0.6548684,0.51661855,0.9937914,1.0,1,1,1,poisonous,poisonous,poisonous
0.72957677,0.89383924,0.90748745,1.0,1,1,1,poisonous,poisonous,poisonous
0.5985716,0.84832007,0.99644613,1.0,1,1,1,poisonous,poisonous,poisonous
0.34651697,0.87540585,0.9876089,1.0,0,1,1,edible,poisonous,poisonous
0.50958127,0.5175673,0.99340016,1.0,1,1,1,poisonous,poisonous,poisonous
0.8916935,0.67696184,0.9965978,1.0,1,1,1,poisonous,poisonous,poisonous
0.9818029,0.94333434,0.99983764,1.0,1,1,1,poisonous,poisonous,poisonous
0.70118856,0.5706297,0.99998254,1.0,1,1,1,poisonous,poisonous,poisonous
0.77410316,0.96150583,0.9986629,1.0,1,1,1,poisonous,poisonous,poisonous
0.78508025,0.8947713,0.9980014,1.0,1,1,1,poisonous,poisonous,poisonous
0.96275026,0.9829543,0.9999989,1.0,1,1,1,poisonous,poisonous,poisonous
0.73089284,0.68526363,0.9994876,1.0,1,1,1,poisonous,poisonous,poisonous
0.67200094,0.7173466,0.9960093,1.0,1,1,1,poisonous,poisonous,poisonous
0.8692707,0.6920716,0.9879721,1.0,1,1,1,poisonous,poisonous,poisonous
0.6195381,0.8178763,0.98684436,1.0,1,1,1,poisonous,poisonous,poisonous
0.7857368,0.7802601,0.99336404,1.0,1,1,1,poisonous,poisonous,poisonous
0.9753325,0.8757859,0.99982387,1.0,1,1,1,poisonous,poisonous,poisonous
0.45849186,0.9480243,0.8451012,1.0,0,1,1,edible,poisonous,poisonous
0.91280323,0.86646056,0.9998572,1.0,1,1,1,poisonous,poisonous,poisonous
0.5342456,0.81410766,0.98442537,1.0,1,1,1,poisonous,poisonous,poisonous
0.3501647,0.8481007,0.99910384,1.0,0,1,1,edible,poisonous,poisonous
0.69338834,0.5860125,0.9990467,1.0,1,1,1,poisonous,poisonous,poisonous
0.7857569,0.94394326,0.94778055,1.0,1,1,1,poisonous,poisonous,poisonous
0.9022551,0.92256665,0.9976672,1.0,1,1,1,poisonous,poisonous,poisonous
0.6413161,0.95362306,0.31734872,1.0,1,1,0,poisonous,poisonous,edible
0.8841584,0.93401355,0.9981111,1.0,1,1,1,poisonous,poisonous,poisonous
0.9451396,0.7949544,0.9805149,1.0,1,1,1,poisonous,poisonous,poisonous
0.8309186,0.8370414,0.9980578,1.0,1,1,1,poisonous,poisonous,poisonous
0.75074905,0.58923537,0.99692076,1.0,1,1,1,poisonous,poisonous,poisonous
0.9266116,0.9249862,0.9997571,1.0,1,1,1,poisonous,poisonous,poisonous
0.8705372,0.5459808,0.99881333,1.0,1,1,1,poisonous,poisonous,poisonous
0.8176167,0.28641993,0.96883124,1.0,1,0,1,poisonous,edible,poisonous
0.9875718,0.90658414,0.99926776,1.0,1,1,1,poisonous,poisonous,poisonous
0.99355805,0.9918618,0.9999984,1.0,1,1,1,poisonous,poisonous,poisonous
0.8864126,0.62478757,0.997997,1.0,1,1,1,poisonous,poisonous,poisonous
0.91403395,0.8997565,0.9998749,1.0,1,1,1,poisonous,poisonous,poisonous
0.8493156,0.77964723,0.99894387,1.0,1,1,1,poisonous,poisonous,poisonous
0.41769105,0.49758142,0.9924091,1.0,0,0,1,edible,edible,poisonous
0.70118856,0.5706297,0.99998254,1.0,1,1,1,poisonous,poisonous,poisonous
0.7213458,0.7945922,0.99989325,1.0,1,1,1,poisonous,poisonous,poisonous
0.43901545,0.44568032,0.89294124,1.0,0,0,1,edible,edible,poisonous
0.5905,0.32188243,0.9979907,1.0,1,0,1,poisonous,edible,poisonous
0.78447413,0.5939981,0.99998236,1.0,1,1,1,poisonous,poisonous,poisonous
0.6054056,0.37533557,0.96584654,1.0,1,0,1,poisonous,edible,poisonous
0.878069,0.5543751,0.96209735,1.0,1,1,1,poisonous,poisonous,poisonous
0.7689482,0.531912,0.9999746,1.0,1,1,1,poisonous,poisonous,poisonous
0.79075044,0.75776696,0.99838114,1.0,1,1,1,poisonous,poisonous,poisonous
0.6683138,0.6191251,0.9942859,1.0,1,1,1,poisonous,poisonous,poisonous
0.893904,0.61012447,0.89200866,1.0,1,1,1,poisonous,poisonous,poisonous
0.85651046,0.8404484,0.99975854,1.0,1,1,1,poisonous,poisonous,poisonous
0.829146,0.8626465,0.9966945,1.0,1,1,1,poisonous,poisonous,poisonous
0.75758153,0.98204166,0.9972471,1.0,1,1,1,poisonous,poisonous,poisonous
0.85844576,0.9185376,0.9993752,1.0,1,1,1,poisonous,poisonous,poisonous
0.47235784,0.7105772,0.9998594,1.0,0,1,1,edible,poisonous,poisonous
0.6324222,0.5661581,0.9994416,1.0,1,1,1,poisonous,poisonous,poisonous
0.80911094,0.79741436,0.99732363,1.0,1,1,1,poisonous,poisonous,poisonous
0.38807893,0.5583687,0.767654,1.0,0,1,1,edible,poisonous,poisonous
0.45465696,0.090306215,0.99046963,1.0,0,0,1,edible,edible,poisonous
0.88292193,0.65767163,0.991496,1.0,1,1,1,poisonous,poisonous,poisonous
0.40762573,0.8782975,0.9981409,1.0,0,1,1,edible,poisonous,poisonous
0.78075844,0.8066054,0.9975897,1.0,1,1,1,poisonous,poisonous,poisonous
0.8960185,0.915591,0.99885523,1.0,1,1,1,poisonous,poisonous,poisonous
0.6466311,0.4386754,0.98307204,1.0,1,0,1,poisonous,edible,poisonous
0.5996523,0.6519302,0.9631747,1.0,1,1,1,poisonous,poisonous,poisonous
0.62681,0.8130433,0.8837583,1.0,1,1,1,poisonous,poisonous,poisonous
0.8646657,0.83765084,0.9994476,1.0,1,1,1,poisonous,poisonous,poisonous
0.77452254,0.9189837,0.9952106,1.0,1,1,1,poisonous,poisonous,poisonous
0.39659613,0.4564354,0.9972784,1.0,0,0,1,edible,edible,poisonous
0.20424008,0.79803723,0.9977119,1.0,0,1,1,edible,poisonous,poisonous
0.56784976,0.63789827,0.9994376,1.0,1,1,1,poisonous,poisonous,poisonous
0.4341998,0.9441868,0.9995749,1.0,0,1,1,edible,poisonous,poisonous
0.33148035,0.2833588,0.9373775,1.0,0,0,1,edible,edible,poisonous
0.34027505,0.5725875,0.999608,1.0,0,1,1,edible,poisonous,poisonous
0.48713636,0.8605834,0.9997916,1.0,0,1,1,edible,poisonous,poisonous
0.50985575,0.75158376,0.9994286,1.0,1,1,1,poisonous,poisonous,poisonous
0.27035263,0.6193922,0.5731466,1.0,0,1,1,edible,poisonous,poisonous
0.23533876,0.91856736,0.9985464,1.0,0,1,1,edible,poisonous,poisonous
0.39620325,0.6095511,0.99949265,1.0,0,1,1,edible,poisonous,poisonous
0.48945597,0.8799945,0.99938077,1.0,0,1,1,edible,poisonous,poisonous
0.54842085,0.8770851,0.99573964,1.0,1,1,1,poisonous,poisonous,poisonous
0.7181383,0.6474198,0.9993299,1.0,1,1,1,poisonous,poisonous,poisonous
0.25609234,0.7456037,0.99866337,1.0,0,1,1,edible,poisonous,poisonous
0.6097751,0.8944927,0.9963727,1.0,1,1,1,poisonous,poisonous,poisonous
0.3064176,0.19392613,0.9988346,1.0,0,0,1,edible,edible,poisonous
0.20211546,0.53076434,0.9993011,1.0,0,1,1,edible,poisonous,poisonous
0.362475,0.79770344,0.977945,1.0,0,1,1,edible,poisonous,poisonous
0.27151835,0.93878925,0.99786127,1.0,0,1,1,edible,poisonous,poisonous
0.5472006,0.8873017,0.94179577,1.0,1,1,1,poisonous,poisonous,poisonous
0.7211784,0.8091561,0.996403,1.0,1,1,1,poisonous,poisonous,poisonous
0.6621449,0.715891,0.99986756,1.0,1,1,1,poisonous,poisonous,poisonous
0.7351654,0.6546896,0.92397314,1.0,1,1,1,poisonous,poisonous,poisonous
0.28000084,0.32986623,0.9916341,1.0,0,0,1,edible,edible,poisonous
0.3679896,0.7648831,0.999984,1.0,0,1,1,edible,poisonous,poisonous
0.20159036,0.42837024,0.5260659,1.0,0,0,1,edible,edible,poisonous
0.64869136,0.5516504,0.9994067,1.0,1,1,1,poisonous,poisonous,poisonous
0.49549058,0.73596436,0.9979029,1.0,0,1,1,edible,poisonous,poisonous
0.37423658,0.70518243,0.9989896,1.0,0,1,1,edible,poisonous,poisonous
0.17674685,0.7958902,0.9993733,1.0,0,1,1,edible,poisonous,poisonous
0.4608343,0.7525806,0.99310493,1.0,0,1,1,edible,poisonous,poisonous
0.55550706,0.5802738,0.9187833,1.0,1,1,1,poisonous,poisonous,poisonous
0.2283028,0.6387121,0.9939328,1.0,0,1,1,edible,poisonous,poisonous
0.46702784,0.7904774,0.9969165,1.0,0,1,1,edible,poisonous,poisonous
0.6127492,0.7703944,0.99689394,1.0,1,1,1,poisonous,poisonous,poisonous
0.57450825,0.6897061,0.99846405,1.0,1,1,1,poisonous,poisonous,poisonous
0.6897988,0.91342676,0.99899375,1.0,1,1,1,poisonous,poisonous,poisonous
0.6621449,0.715891,0.99986756,1.0,1,1,1,poisonous,poisonous,poisonous
0.5449105,0.5059277,0.99928516,1.0,1,1,1,poisonous,poisonous,poisonous
0.7665849,0.77038956,0.99947095,1.0,1,1,1,poisonous,poisonous,poisonous
0.386245,0.70995146,0.99344903,1.0,0,1,1,edible,poisonous,poisonous
0.6959996,0.6477124,0.6062689,1.0,1,1,1,poisonous,poisonous,poisonous
0.46313503,0.26337802,0.97055584,1.0,0,0,1,edible,edible,poisonous
0.43944615,0.4338568,0.9956725,1.0,0,0,1,edible,edible,poisonous
0.89475214,0.53387326,0.9989688,1.0,1,1,1,poisonous,poisonous,poisonous
0.47089085,0.7293662,0.99977994,1.0,0,1,1,edible,poisonous,poisonous
0.6404091,0.8288561,0.99911714,1.0,1,1,1,poisonous,poisonous,poisonous
0.6377152,0.6693033,0.97323835,1.0,1,1,1,poisonous,poisonous,poisonous
0.7316059,0.84010977,0.9925789,1.0,1,1,1,poisonous,poisonous,poisonous
0.664306,0.76913935,0.9997987,1.0,1,1,1,poisonous,poisonous,poisonous
0.41679353,0.59577936,0.9493041,1.0,0,1,1,edible,poisonous,poisonous
0.5758032,0.9461825,0.99798393,1.0,1,1,1,poisonous,poisonous,poisonous
0.6438758,0.67145604,0.9987928,1.0,1,1,1,poisonous,poisonous,poisonous
0.68535984,0.7820911,0.99674946,1.0,1,1,1,poisonous,poisonous,poisonous
0.8403577,0.8231952,0.9987642,1.0,1,1,1,poisonous,poisonous,poisonous
0.6905882,0.9189395,0.99842924,1.0,1,1,1,poisonous,poisonous,poisonous
0.25896138,0.6727859,0.9995979,1.0,0,1,1,edible,poisonous,poisonous
0.46937987,0.59793204,0.99647087,1.0,0,1,1,edible,poisonous,poisonous
0.4810048,0.8380647,0.9996315,1.0,0,1,1,edible,poisonous,poisonous
0.46273324,0.4117067,0.99775666,1.0,0,0,1,edible,edible,poisonous
0.71451366,0.9169314,0.99961334,1.0,1,1,1,poisonous,poisonous,poisonous
0.5614997,0.767364,0.9958751,1.0,1,1,1,poisonous,poisonous,poisonous
0.5175914,0.79130167,0.98850733,1.0,1,1,1,poisonous,poisonous,poisonous
0.6781184,0.75599164,0.9995992,1.0,1,1,1,poisonous,poisonous,poisonous
0.47057945,0.7839607,0.96310437,1.0,0,1,1,edible,poisonous,poisonous
0.96104056,0.9670738,0.99999815,1.0,1,1,1,poisonous,poisonous,poisonous
0.8790244,0.84638864,0.9999705,1.0,1,1,1,poisonous,poisonous,poisonous
0.550626,0.41557333,0.9995208,1.0,1,0,1,poisonous,edible,poisonous
0.7056686,0.6928686,0.9982362,1.0,1,1,1,poisonous,poisonous,poisonous
0.5125588,0.62486213,0.9996828,1.0,1,1,1,poisonous,poisonous,poisonous
0.8451042,0.75975686,0.9914383,1.0,1,1,1,poisonous,poisonous,poisonous
0.98860323,0.9119802,0.9999313,1.0,1,1,1,poisonous,poisonous,poisonous
0.9307498,0.95946836,0.9976418,1.0,1,1,1,poisonous,poisonous,poisonous
0.98389786,0.99163365,0.9999989,1.0,1,1,1,poisonous,poisonous,poisonous
0.97970587,0.97404325,0.99999994,1.0,1,1,1,poisonous,poisonous,poisonous
0.97774863,0.965915,0.99999726,1.0,1,1,1,poisonous,poisonous,poisonous
0.9643716,0.9279304,0.9986517,1.0,1,1,1,poisonous,poisonous,poisonous
0.37538943,0.8832659,0.97641575,1.0,0,1,1,edible,poisonous,poisonous
0.92789054,0.8855753,0.9883585,1.0,1,1,1,poisonous,poisonous,poisonous
0.5821269,0.6391178,0.99993354,1.0,1,1,1,poisonous,poisonous,poisonous
0.8923946,0.6945438,0.99999094,1.0,1,1,1,poisonous,poisonous,poisonous
0.92845225,0.8783489,0.9997883,1.0,1,1,1,poisonous,poisonous,poisonous
0.5639505,0.7016631,0.95131063,1.0,1,1,1,poisonous,poisonous,poisonous
0.94684035,0.833879,0.9984146,1.0,1,1,1,poisonous,poisonous,poisonous
0.9116975,0.7818588,0.9954428,1.0,1,1,1,poisonous,poisonous,poisonous
0.8288696,0.83731157,0.99999654,1.0,1,1,1,poisonous,poisonous,poisonous
0.93885106,0.9490398,0.9996851,1.0,1,1,1,poisonous,poisonous,poisonous
0.58865136,0.9669811,0.99996084,1.0,1,1,1,poisonous,poisonous,poisonous
0.27917403,0.3441115,0.99846333,1.0,0,0,1,edible,edible,poisonous
0.95738405,0.82602507,0.99999946,1.0,1,1,1,poisonous,poisonous,poisonous
0.9887654,0.9922118,0.9999904,1.0,1,1,1,poisonous,poisonous,poisonous
0.9481795,0.91492563,0.99957275,1.0,1,1,1,poisonous,poisonous,poisonous
0.7024218,0.8613493,0.9999983,1.0,1,1,1,poisonous,poisonous,poisonous
0.9907253,0.950815,0.9995071,1.0,1,1,1,poisonous,poisonous,poisonous
0.35688606,0.92186534,0.9897845,1.0,0,1,1,edible,poisonous,poisonous
0.83219033,0.6872993,0.996087,1.0,1,1,1,poisonous,poisonous,poisonous
0.70941776,0.98211884,0.9993221,1.0,1,1,1,poisonous,poisonous,poisonous
0.69417965,0.7999365,0.9960842,1.0,1,1,1,poisonous,poisonous,poisonous
0.37376675,0.86003524,0.98347795,1.0,0,1,1,edible,poisonous,poisonous
0.9691607,0.680213,0.99986035,1.0,1,1,1,poisonous,poisonous,poisonous
0.5731207,0.81779045,0.9823669,1.0,1,1,1,poisonous,poisonous,poisonous
0.9711199,0.8973551,0.9999371,1.0,1,1,1,poisonous,poisonous,poisonous
0.9829944,0.6754904,0.9999628,1.0,1,1,1,poisonous,poisonous,poisonous
0.8463686,0.9354927,0.97820616,1.0,1,1,1,poisonous,poisonous,poisonous
0.85823977,0.9076683,0.998259,1.0,1,1,1,poisonous,poisonous,poisonous
0.9592476,0.88772345,0.9997355,1.0,1,1,1,poisonous,poisonous,poisonous
0.98129404,0.8990197,0.99724257,1.0,1,1,1,poisonous,poisonous,poisonous
0.89306366,0.8871259,0.99917644,1.0,1,1,1,poisonous,poisonous,poisonous
0.49675226,0.75019604,0.99992645,1.0,0,1,1,edible,poisonous,poisonous
0.65040976,0.9485765,0.9988185,1.0,1,1,1,poisonous,poisonous,poisonous
0.9806313,0.98632205,0.9808251,1.0,1,1,1,poisonous,poisonous,poisonous
0.36469248,0.60819757,0.9807765,1.0,0,1,1,edible,poisonous,poisonous
0.93440765,0.91490203,0.986016,1.0,1,1,1,poisonous,poisonous,poisonous
0.96553195,0.86412066,0.9984251,1.0,1,1,1,poisonous,poisonous,poisonous
0.9591198,0.90801686,0.99968886,1.0,1,1,1,poisonous,poisonous,poisonous
0.80314523,0.96386784,0.91949,1.0,1,1,1,poisonous,poisonous,poisonous
0.8494638,0.78641826,0.9999839,1.0,1,1,1,poisonous,poisonous,poisonous
0.8999727,0.85987663,0.9940179,1.0,1,1,1,poisonous,poisonous,poisonous
0.95351684,0.8291743,0.9983602,1.0,1,1,1,poisonous,poisonous,poisonous
0.5856541,0.94259083,0.99999964,1.0,1,1,1,poisonous,poisonous,poisonous
0.9706726,0.997076,0.99992687,1.0,1,1,1,poisonous,poisonous,poisonous
0.9217634,0.8361196,0.99416864,1.0,1,1,1,poisonous,poisonous,poisonous
0.5992122,0.33482045,0.98490655,1.0,1,0,1,poisonous,edible,poisonous
0.83062917,0.5506758,0.9937582,1.0,1,1,1,poisonous,poisonous,poisonous
0.4224902,0.9518367,0.9995139,1.0,0,1,1,edible,poisonous,poisonous
0.7528543,0.9578221,0.9999896,1.0,1,1,1,poisonous,poisonous,poisonous
0.9907253,0.950815,0.9995071,1.0,1,1,1,poisonous,poisonous,poisonous
0.9418513,0.96835566,0.9999313,1.0,1,1,1,poisonous,poisonous,poisonous
0.46628532,0.82617414,0.99767935,1.0,0,1,1,edible,poisonous,poisonous
0.7560157,0.80229044,0.9998218,1.0,1,1,1,poisonous,poisonous,poisonous
0.604327,0.6281691,0.963445,1.0,1,1,1,poisonous,poisonous,poisonous
0.70223504,0.93534344,0.9818139,1.0,1,1,1,poisonous,poisonous,poisonous
0.74426526,0.55568933,0.97603554,1.0,1,1,1,poisonous,poisonous,poisonous
0.9895851,0.7822406,0.97243387,1.0,1,1,1,poisonous,poisonous,poisonous
0.73097235,0.86506814,0.9998527,1.0,1,1,1,poisonous,poisonous,poisonous
0.6507854,0.73065543,0.99975795,1.0,1,1,1,poisonous,poisonous,poisonous
0.9025872,0.87103236,0.9998612,1.0,1,1,1,poisonous,poisonous,poisonous
0.73475486,0.77799076,0.9692529,1.0,1,1,1,poisonous,poisonous,poisonous
0.18474714,0.5839382,0.98855644,1.0,0,1,1,edible,poisonous,poisonous
0.9100188,0.89675766,0.9977052,1.0,1,1,1,poisonous,poisonous,poisonous
0.82491523,0.6723289,0.99899566,1.0,1,1,1,poisonous,poisonous,poisonous
0.87720907,0.94670403,0.97762465,1.0,1,1,1,poisonous,poisonous,poisonous
0.54365003,0.94943273,0.99809295,1.0,1,1,1,poisonous,poisonous,poisonous
0.3836803,0.4301042,0.9913884,1.0,0,0,1,edible,edible,poisonous
0.5157864,0.7523703,0.98967344,1.0,1,1,1,poisonous,poisonous,poisonous
0.5950873,0.2753613,0.97711796,1.0,1,0,1,poisonous,edible,poisonous
0.9831031,0.9454975,0.96030486,1.0,1,1,1,poisonous,poisonous,poisonous
0.5532172,0.3020361,0.92554635,1.0,1,0,1,poisonous,edible,poisonous
0.8950517,0.930899,0.9996922,1.0,1,1,1,poisonous,poisonous,poisonous
0.3129818,0.81990135,0.9994855,1.0,0,1,1,edible,poisonous,poisonous
0.82380426,0.51162094,0.9999954,1.0,1,1,1,poisonous,poisonous,poisonous
0.4420003,0.3682247,0.99669784,1.0,0,0,1,edible,edible,poisonous
0.9887654,0.9922118,0.9999904,1.0,1,1,1,poisonous,poisonous,poisonous
0.8630396,0.5839059,0.9999744,1.0,1,1,1,poisonous,poisonous,poisonous
0.76321477,0.9128337,0.9998461,1.0,1,1,1,poisonous,poisonous,poisonous
0.45365453,0.34425178,0.98821306,1.0,0,0,1,edible,edible,poisonous
0.665829,0.3918021,0.9994524,1.0,1,0,1,poisonous,edible,poisonous
0.8291306,0.65767473,0.9616013,1.0,1,1,1,poisonous,poisonous,poisonous
0.31074107,0.677624,0.99871963,1.0,0,1,1,edible,poisonous,poisonous
0.79539937,0.5513329,0.9993181,1.0,1,1,1,poisonous,poisonous,poisonous
0.37425694,0.33218595,0.9954537,1.0,0,0,1,edible,edible,poisonous
0.45996508,0.3205314,0.99790186,1.0,0,0,1,edible,edible,poisonous
0.35322285,0.3676155,0.2691147,1.0,0,0,0,edible,edible,edible
0.2793114,0.21629153,0.7162281,1.0,0,0,1,edible,edible,poisonous
0.49905944,0.22562824,0.979158,1.0,0,0,1,edible,edible,poisonous
0.64652264,0.35481575,0.9813437,1.0,1,0,1,poisonous,edible,poisonous
0.7976138,0.7823584,0.98743105,1.0,1,1,1,poisonous,poisonous,poisonous
0.551971,0.66051704,0.9660097,1.0,1,1,1,poisonous,poisonous,poisonous
0.7450993,0.50890994,0.9991992,1.0,1,1,1,poisonous,poisonous,poisonous
0.84682244,0.80980355,0.9993047,1.0,1,1,1,poisonous,poisonous,poisonous
0.48639947,0.7676284,0.9845255,1.0,0,1,1,edible,poisonous,poisonous
0.475914,0.8152898,0.99810046,1.0,0,1,1,edible,poisonous,poisonous
0.39267445,0.77722996,0.9987497,1.0,0,1,1,edible,poisonous,poisonous
0.6496811,0.81608367,0.9757836,1.0,1,1,1,poisonous,poisonous,poisonous
0.34297884,0.75755286,0.985056,1.0,0,1,1,edible,poisonous,poisonous
0.33261085,0.4360757,0.9937799,1.0,0,0,1,edible,edible,poisonous
0.36038116,0.52573085,0.99927133,1.0,0,1,1,edible,poisonous,poisonous
0.80387414,0.42418572,0.99478495,1.0,1,0,1,poisonous,edible,poisonous
0.43137237,0.5741383,0.9989315,1.0,0,1,1,edible,poisonous,poisonous
0.30114055,0.5028455,0.86822927,1.0,0,1,1,edible,poisonous,poisonous
0.51901823,0.9038043,0.9985885,1.0,1,1,1,poisonous,poisonous,poisonous
0.48657507,0.42220727,0.9977262,1.0,0,0,1,edible,edible,poisonous
0.3718515,0.23244306,0.98864955,1.0,0,0,1,edible,edible,poisonous
0.7439276,0.74532056,0.9981636,1.0,1,1,1,poisonous,poisonous,poisonous
0.6563615,0.8052472,0.9984927,1.0,1,1,1,poisonous,poisonous,poisonous
0.13059849,0.1867664,0.9401014,1.0,0,0,1,edible,edible,poisonous
0.61829215,0.45929363,0.9639254,1.0,1,0,1,poisonous,edible,poisonous
0.1763995,0.6855478,0.9692322,1.0,0,1,1,edible,poisonous,poisonous
0.4639177,0.8391077,0.9894675,1.0,0,1,1,edible,poisonous,poisonous
0.61215496,0.6652072,0.9988703,1.0,1,1,1,poisonous,poisonous,poisonous
0.53734255,0.7025558,0.9980511,1.0,1,1,1,poisonous,poisonous,poisonous
0.9907253,0.950815,0.9995071,1.0,1,1,1,poisonous,poisonous,poisonous
0.9418513,0.96835566,0.9999313,1.0,1,1,1,poisonous,poisonous,poisonous
0.98129404,0.8990197,0.99724257,1.0,1,1,1,poisonous,poisonous,poisonous
0.9217634,0.8361196,0.99416864,1.0,1,1,1,poisonous,poisonous,poisonous
0.8734817,0.94625384,0.9982074,1.0,1,1,1,poisonous,poisonous,poisonous
0.96553195,0.86412066,0.9984251,1.0,1,1,1,poisonous,poisonous,poisonous
0.93440765,0.91490203,0.986016,1.0,1,1,1,poisonous,poisonous,poisonous
0.622897,0.7965403,0.69607097,1.0,1,1,1,poisonous,poisonous,poisonous
0.7771326,0.969104,0.99306667,1.0,1,1,1,poisonous,poisonous,poisonous
0.6066991,0.40825966,0.9995888,1.0,1,0,1,poisonous,edible,poisonous
0.96789986,0.99490404,0.9999961,1.0,1,1,1,poisonous,poisonous,poisonous
0.73797935,0.6782822,0.685428,1.0,1,1,1,poisonous,poisonous,poisonous
0.77280676,0.9899896,0.9937678,1.0,1,1,1,poisonous,poisonous,poisonous
0.95017254,0.8499533,0.9969024,1.0,1,1,1,poisonous,poisonous,poisonous
0.47178736,0.8855115,0.99200803,1.0,0,1,1,edible,poisonous,poisonous
0.8616355,0.9678521,0.9999708,1.0,1,1,1,poisonous,poisonous,poisonous
0.91043013,0.92270446,0.99919146,1.0,1,1,1,poisonous,poisonous,poisonous
0.9829944,0.6754904,0.9999628,1.0,1,1,1,poisonous,poisonous,poisonous
0.4522667,0.84192604,0.99503076,1.0,0,1,1,edible,poisonous,poisonous
0.9706726,0.997076,0.99992687,1.0,1,1,1,poisonous,poisonous,poisonous
0.9075875,0.9294036,0.98877525,1.0,1,1,1,poisonous,poisonous,poisonous
0.46035904,0.87547064,0.9804232,1.0,0,1,1,edible,poisonous,poisonous
0.71722806,0.6898539,0.9999968,1.0,1,1,1,poisonous,poisonous,poisonous
0.9691607,0.680213,0.99986035,1.0,1,1,1,poisonous,poisonous,poisonous
0.8930932,0.80118966,0.99808306,1.0,1,1,1,poisonous,poisonous,poisonous
0.952718,0.93506914,0.99081784,1.0,1,1,1,poisonous,poisonous,poisonous
0.85823977,0.9076683,0.998259,1.0,1,1,1,poisonous,poisonous,poisonous
0.6134934,0.71178955,0.9810707,1.0,1,1,1,poisonous,poisonous,poisonous
0.42308214,0.31818375,0.99516195,1.0,0,0,1,edible,edible,poisonous
0.8115249,0.6692224,0.96353656,1.0,1,1,1,poisonous,poisonous,poisonous
0.8796481,0.70598096,0.99456424,1.0,1,1,1,poisonous,poisonous,poisonous
0.551735,0.5641478,0.5480964,1.0,1,1,1,poisonous,poisonous,poisonous
0.9887654,0.9922118,0.9999904,1.0,1,1,1,poisonous,poisonous,poisonous
0.97708577,0.66437465,0.99083745,1.0,1,1,1,poisonous,poisonous,poisonous
0.99347746,0.9699283,0.9996834,1.0,1,1,1,poisonous,poisonous,poisonous
0.7333007,0.8803856,0.95611924,1.0,1,1,1,poisonous,poisonous,poisonous
0.7519301,0.81213313,0.9994201,1.0,1,1,1,poisonous,poisonous,poisonous
0.79701006,0.96479374,0.9987399,1.0,1,1,1,poisonous,poisonous,poisonous
0.5039437,0.4121046,0.9999791,1.0,1,0,1,poisonous,edible,poisonous
0.904851,0.9963379,0.99954987,1.0,1,1,1,poisonous,poisonous,poisonous
0.98860323,0.9119802,0.9999313,1.0,1,1,1,poisonous,poisonous,poisonous
0.7222151,0.7794528,0.99358,1.0,1,1,1,poisonous,poisonous,poisonous
0.8302244,0.8791235,0.99545944,1.0,1,1,1,poisonous,poisonous,poisonous
0.85653275,0.66893727,0.9976652,1.0,1,1,1,poisonous,poisonous,poisonous
0.74799633,0.8217985,0.9963981,1.0,1,1,1,poisonous,poisonous,poisonous
0.8804651,0.78238815,0.66864616,1.0,1,1,1,poisonous,poisonous,poisonous
0.65180254,0.9031511,0.99938554,1.0,1,1,1,poisonous,poisonous,poisonous
0.5902732,0.8929999,0.9737521,1.0,1,1,1,poisonous,poisonous,poisonous
0.6356027,0.7209703,0.99992424,1.0,1,1,1,poisonous,poisonous,poisonous
0.58253276,0.80654454,0.9999877,1.0,1,1,1,poisonous,poisonous,poisonous
0.5759122,0.61559296,0.976256,1.0,1,1,1,poisonous,poisonous,poisonous
0.92217773,0.8643297,0.9740215,1.0,1,1,1,poisonous,poisonous,poisonous
0.9387132,0.98237336,0.9997251,1.0,1,1,1,poisonous,poisonous,poisonous
0.74090445,0.8419504,0.99177754,1.0,1,1,1,poisonous,poisonous,poisonous
0.75241756,0.89094704,0.9984339,1.0,1,1,1,poisonous,poisonous,poisonous
0.72303814,0.71384203,0.99481684,1.0,1,1,1,poisonous,poisonous,poisonous
0.87445784,0.975543,0.99491763,1.0,1,1,1,poisonous,poisonous,poisonous
0.9073363,0.24152642,0.92896044,1.0,1,0,1,poisonous,edible,poisonous
0.58119226,0.8204711,0.92615575,1.0,1,1,1,poisonous,poisonous,poisonous
0.5069189,0.4197849,0.9999699,1.0,1,0,1,poisonous,edible,poisonous
0.45213035,0.9087804,0.9345363,1.0,0,1,1,edible,poisonous,poisonous
0.45516127,0.3969253,0.9714275,1.0,0,0,1,edible,edible,poisonous
0.94684035,0.833879,0.9984146,1.0,1,1,1,poisonous,poisonous,poisonous
0.7939706,0.57525307,0.99705017,1.0,1,1,1,poisonous,poisonous,poisonous
0.80663896,0.58324,0.9931127,1.0,1,1,1,poisonous,poisonous,poisonous
0.68346375,0.66056323,0.9970394,1.0,1,1,1,poisonous,poisonous,poisonous
0.4608424,0.82066613,0.9961813,1.0,0,1,1,edible,poisonous,poisonous
0.54635334,0.2268902,0.9973039,1.0,1,0,1,poisonous,edible,poisonous
0.66205263,0.24659523,0.9474269,1.0,1,0,1,poisonous,edible,poisonous
0.7012621,0.2772078,0.9992573,1.0,1,0,1,poisonous,edible,poisonous
0.59163606,0.53987855,0.9998646,1.0,1,1,1,poisonous,poisonous,poisonous
0.72250545,0.8403275,0.99211943,1.0,1,1,1,poisonous,poisonous,poisonous
0.85008955,0.34859863,0.99961,1.0,1,0,1,poisonous,edible,poisonous
0.6151634,0.06318595,0.998256,1.0,1,0,1,poisonous,edible,poisonous
0.6872909,0.7634357,0.9942838,1.0,1,1,1,poisonous,poisonous,poisonous
0.9640747,0.7740789,0.9965051,1.0,1,1,1,poisonous,poisonous,poisonous
0.8731798,0.7945161,0.7489657,1.0,1,1,1,poisonous,poisonous,poisonous
0.76813895,0.5146066,0.98159444,1.0,1,1,1,poisonous,poisonous,poisonous
0.69694674,0.72931063,0.99694735,1.0,1,1,1,poisonous,poisonous,poisonous
0.6353151,0.68738717,0.9989479,1.0,1,1,1,poisonous,poisonous,poisonous
0.32554692,0.26247546,0.93979627,1.0,0,0,1,edible,edible,poisonous
0.5324045,0.7047039,0.99568915,1.0,1,1,1,poisonous,poisonous,poisonous
0.6546763,0.29902604,0.95318526,1.0,1,0,1,poisonous,edible,poisonous
0.81537426,0.73033917,0.9904876,1.0,1,1,1,poisonous,poisonous,poisonous
0.7804566,0.6786239,0.99950284,1.0,1,1,1,poisonous,poisonous,poisonous
0.7415659,0.8720557,0.9999976,1.0,1,1,1,poisonous,poisonous,poisonous
0.9516618,0.8902544,0.9960739,1.0,1,1,1,poisonous,poisonous,poisonous
0.95531905,0.9878314,0.9802154,1.0,1,1,1,poisonous,poisonous,poisonous
0.5731207,0.81779045,0.9823669,1.0,1,1,1,poisonous,poisonous,poisonous
0.8990482,0.8694015,0.8453815,1.0,1,1,1,poisonous,poisonous,poisonous
0.36781964,0.6938844,0.9999217,1.0,0,1,1,edible,poisonous,poisonous
0.82744765,0.7992483,0.9998124,1.0,1,1,1,poisonous,poisonous,poisonous
0.9671327,0.9804886,0.9960378,1.0,1,1,1,poisonous,poisonous,poisonous
0.91066635,0.9159955,0.99940175,1.0,1,1,1,poisonous,poisonous,poisonous
0.9253871,0.98836046,0.99298424,1.0,1,1,1,poisonous,poisonous,poisonous
0.67590016,0.8476683,0.99725616,1.0,1,1,1,poisonous,poisonous,poisonous
0.68430287,0.78618056,0.7072827,1.0,1,1,1,poisonous,poisonous,poisonous
0.33925548,0.7044081,0.99079835,1.0,0,1,1,edible,poisonous,poisonous
0.9776711,0.7492286,0.99074876,1.0,1,1,1,poisonous,poisonous,poisonous
0.9787093,0.90361196,0.9999336,1.0,1,1,1,poisonous,poisonous,poisonous
0.674434,0.9381787,0.9929247,1.0,1,1,1,poisonous,poisonous,poisonous
0.4395497,0.86602277,0.9930638,1.0,0,1,1,edible,poisonous,poisonous
0.7800256,0.78314686,0.88852304,1.0,1,1,1,poisonous,poisonous,poisonous
0.38920534,0.9205627,0.990594,1.0,0,1,1,edible,poisonous,poisonous
0.91515374,0.9869045,0.9917864,1.0,1,1,1,poisonous,poisonous,poisonous
0.06961136,0.40211058,0.99084586,1.0,0,0,1,edible,edible,poisonous
0.46929383,0.5825907,0.32605398,1.0,0,1,0,edible,poisonous,edible
0.624963,0.766343,0.999395,1.0,1,1,1,poisonous,poisonous,poisonous
0.6057644,0.879479,0.9997298,1.0,1,1,1,poisonous,poisonous,poisonous
0.9887654,0.9922118,0.9999904,1.0,1,1,1,poisonous,poisonous,poisonous
0.46661326,0.82462275,0.96795565,1.0,0,1,1,edible,poisonous,poisonous
0.9419076,0.79332817,0.9995726,1.0,1,1,1,poisonous,poisonous,poisonous
0.9802911,0.961175,0.999712,1.0,1,1,1,poisonous,poisonous,poisonous
0.9481795,0.91492563,0.99957275,1.0,1,1,1,poisonous,poisonous,poisonous
0.77484757,0.766687,0.9895012,1.0,1,1,1,poisonous,poisonous,poisonous
0.865715,0.96920925,0.999368,1.0,1,1,1,poisonous,poisonous,poisonous
0.6248374,0.8018603,0.9991848,1.0,1,1,1,poisonous,poisonous,poisonous
0.8802986,0.79058015,0.98372966,1.0,1,1,1,poisonous,poisonous,poisonous
0.9786022,0.971804,0.99941385,1.0,1,1,1,poisonous,poisonous,poisonous
0.858438,0.66848093,0.9882096,1.0,1,1,1,poisonous,poisonous,poisonous
0.6850042,0.852385,0.8744015,1.0,1,1,1,poisonous,poisonous,poisonous
0.6715784,0.39762115,0.5322413,1.0,1,0,1,poisonous,edible,poisonous
0.8106396,0.8439912,0.9596034,1.0,1,1,1,poisonous,poisonous,poisonous
0.5892412,0.5474044,0.9438954,1.0,1,1,1,poisonous,poisonous,poisonous
0.72879523,0.9379613,0.9999784,1.0,1,1,1,poisonous,poisonous,poisonous
0.90272546,0.8922021,0.9260967,1.0,1,1,1,poisonous,poisonous,poisonous
0.9215764,0.49306977,0.99364823,1.0,1,0,1,poisonous,edible,poisonous
0.8831125,0.77959645,0.99814403,1.0,1,1,1,poisonous,poisonous,poisonous
0.9845834,0.98015493,0.9999988,1.0,1,1,1,poisonous,poisonous,poisonous
0.90640354,0.8996621,0.9955636,1.0,1,1,1,poisonous,poisonous,poisonous
0.84362566,0.9283978,0.9998931,1.0,1,1,1,poisonous,poisonous,poisonous
0.6633278,0.8562065,0.99686086,1.0,1,1,1,poisonous,poisonous,poisonous
0.9370219,0.740657,0.99870306,1.0,1,1,1,poisonous,poisonous,poisonous
0.58642197,0.7788899,0.99687743,1.0,1,1,1,poisonous,poisonous,poisonous
0.86395377,0.9594,0.9825004,1.0,1,1,1,poisonous,poisonous,poisonous
0.16435981,0.18247557,0.9264265,1.0,0,0,1,edible,edible,poisonous
0.90997976,0.76364875,0.99820876,1.0,1,1,1,poisonous,poisonous,poisonous
0.58865136,0.9669811,0.99996084,1.0,1,1,1,poisonous,poisonous,poisonous
0.9464892,0.7683907,0.95659804,1.0,1,1,1,poisonous,poisonous,poisonous
0.5827781,0.5801993,0.9884488,1.0,1,1,1,poisonous,poisonous,poisonous
0.6066492,0.41796076,0.60242605,1.0,1,0,1,poisonous,edible,poisonous
0.6774041,0.99471813,0.99795616,1.0,1,1,1,poisonous,poisonous,poisonous
0.50549495,0.8817956,0.99762005,1.0,1,1,1,poisonous,poisonous,poisonous
0.828704,0.720987,0.99981964,1.0,1,1,1,poisonous,poisonous,poisonous
0.837751,0.78469115,0.99974835,1.0,1,1,1,poisonous,poisonous,poisonous
0.7844135,0.82531446,0.99991995,1.0,1,1,1,poisonous,poisonous,poisonous
0.738569,0.41741225,0.48419502,1.0,1,0,0,poisonous,edible,edible
0.51625293,0.7514478,0.96733844,1.0,1,1,1,poisonous,poisonous,poisonous
0.8840835,0.91241705,0.5721697,1.0,1,1,1,poisonous,poisonous,poisonous
0.9568456,0.9218025,0.9999278,1.0,1,1,1,poisonous,poisonous,poisonous
0.969778,0.88821286,0.99938333,1.0,1,1,1,poisonous,poisonous,poisonous
0.42516768,0.36927617,0.99992603,1.0,0,0,1,edible,edible,poisonous
0.68220305,0.38703617,0.99793154,1.0,1,0,1,poisonous,edible,poisonous
0.84849304,0.7225446,0.99659526,1.0,1,1,1,poisonous,poisonous,poisonous
0.6239296,0.7805791,0.99977016,1.0,1,1,1,poisonous,poisonous,poisonous
0.7570459,0.6260952,0.93064153,1.0,1,1,1,poisonous,poisonous,poisonous
0.97308034,0.9357602,0.99812764,1.0,1,1,1,poisonous,poisonous,poisonous
0.5682298,0.8959516,0.99959826,1.0,1,1,1,poisonous,poisonous,poisonous
0.91660154,0.46878123,0.99996394,1.0,1,0,1,poisonous,edible,poisonous
0.48188856,0.49028194,0.9925044,1.0,0,0,1,edible,edible,poisonous
0.5930393,0.7603508,0.99941504,1.0,1,1,1,poisonous,poisonous,poisonous
0.88204664,0.81220776,0.9982437,1.0,1,1,1,poisonous,poisonous,poisonous
0.4817204,0.46007663,0.9995657,1.0,0,0,1,edible,edible,poisonous
0.8021034,0.91522187,0.99997866,1.0,1,1,1,poisonous,poisonous,poisonous
0.4758516,0.7967037,0.99934345,1.0,0,1,1,edible,poisonous,poisonous
0.6812982,0.7543462,0.9958082,1.0,1,1,1,poisonous,poisonous,poisonous
0.56151354,0.6990528,0.99975324,1.0,1,1,1,poisonous,poisonous,poisonous
0.9608663,0.96316546,0.99812615,1.0,1,1,1,poisonous,poisonous,poisonous
0.47287583,0.7596146,0.99392617,1.0,0,1,1,edible,poisonous,poisonous
0.24290988,0.18448375,0.10925296,1.0,0,0,0,edible,edible,edible
0.45535278,0.85394526,0.99837637,1.0,0,1,1,edible,poisonous,poisonous
0.92081994,0.93651175,0.99999195,1.0,1,1,1,poisonous,poisonous,poisonous
0.71775925,0.19234118,0.9765298,1.0,1,0,1,poisonous,edible,poisonous
0.6572285,0.9290971,0.99973005,1.0,1,1,1,poisonous,poisonous,poisonous
0.90002924,0.71727544,0.9966166,1.0,1,1,1,poisonous,poisonous,poisonous
0.72686857,0.97587484,0.87154555,1.0,1,1,1,poisonous,poisonous,poisonous
0.57364744,0.80429167,0.8516585,1.0,1,1,1,poisonous,poisonous,poisonous
0.5531031,0.56468195,0.999941,1.0,1,1,1,poisonous,poisonous,poisonous
0.5322139,0.9623612,0.9709961,1.0,1,1,1,poisonous,poisonous,poisonous
0.6222023,0.904321,0.9487478,1.0,1,1,1,poisonous,poisonous,poisonous
0.40551376,0.3703332,0.98907506,1.0,0,0,1,edible,edible,poisonous
0.25127017,0.78974324,0.91205716,1.0,0,1,1,edible,poisonous,poisonous
0.4161104,0.5650206,0.074260086,1.0,0,1,0,edible,poisonous,edible
0.7957398,0.95008236,0.9960279,1.0,1,1,1,poisonous,poisonous,poisonous
0.48381934,0.3765152,0.015500258,1.0,0,0,0,edible,edible,edible
0.69135505,0.9441678,0.9559401,1.0,1,1,1,poisonous,poisonous,poisonous
0.5449729,0.99653393,0.99936616,1.0,1,1,1,poisonous,poisonous,poisonous
0.8775409,0.7329717,0.99487853,1.0,1,1,1,poisonous,poisonous,poisonous
0.31884214,0.59423035,0.9941453,1.0,0,1,1,edible,poisonous,poisonous
0.5578011,0.1529219,0.98817873,1.0,1,0,1,poisonous,edible,poisonous
0.5549189,0.9670643,0.99984163,1.0,1,1,1,poisonous,poisonous,poisonous
0.56131476,0.51977015,0.92229897,1.0,1,1,1,poisonous,poisonous,poisonous
0.47280383,0.5521826,0.9989505,1.0,0,1,1,edible,poisonous,poisonous
0.40745348,0.7550669,0.99945563,1.0,0,1,1,edible,poisonous,poisonous
0.5313376,0.76060915,0.9785574,1.0,1,1,1,poisonous,poisonous,poisonous
0.44963628,0.5150225,0.8988661,1.0,0,1,1,edible,poisonous,poisonous
0.54457784,0.23973203,0.9997073,1.0,1,0,1,poisonous,edible,poisonous
0.37179044,0.38049644,0.21249044,1.0,0,0,0,edible,edible,edible
0.3217443,0.79247236,0.9904982,1.0,0,1,1,edible,poisonous,poisonous
0.19133493,0.8948722,0.9966432,1.0,0,1,1,edible,poisonous,poisonous
0.43748617,0.6221517,0.94188255,1.0,0,1,1,edible,poisonous,poisonous
0.49289733,0.66501576,0.15617804,1.0,0,1,0,edible,poisonous,edible
0.22501001,0.39739186,0.9993655,1.0,0,0,1,edible,edible,poisonous
0.7661008,0.83029926,0.99424505,1.0,1,1,1,poisonous,poisonous,poisonous
0.49850196,0.39871493,0.957604,1.0,0,0,1,edible,edible,poisonous
0.66820896,0.5667937,0.9960047,1.0,1,1,1,poisonous,poisonous,poisonous
0.52960527,0.9226586,0.9974877,1.0,1,1,1,poisonous,poisonous,poisonous
0.48174745,0.59842396,0.9810918,1.0,0,1,1,edible,poisonous,poisonous
0.5186981,0.24984351,0.9905192,1.0,1,0,1,poisonous,edible,poisonous
0.66067314,0.7439963,0.99840575,1.0,1,1,1,poisonous,poisonous,poisonous
0.89668024,0.85386235,0.9942726,1.0,1,1,1,poisonous,poisonous,poisonous
0.63210046,0.5697064,0.9515433,1.0,1,1,1,poisonous,poisonous,poisonous
0.39675534,0.89103717,0.9967446,1.0,0,1,1,edible,poisonous,poisonous
0.39466536,0.41451347,0.29679862,1.0,0,0,0,edible,edible,edible
0.40114877,0.9106026,0.99999624,1.0,0,1,1,edible,poisonous,poisonous
0.76026547,0.67167294,0.99751514,1.0,1,1,1,poisonous,poisonous,poisonous
0.8959773,0.88377094,0.97484136,1.0,1,1,1,poisonous,poisonous,poisonous
0.5152303,0.9146426,0.043144193,1.0,1,1,0,poisonous,poisonous,edible
0.35636246,0.75392693,0.99677885,1.0,0,1,1,edible,poisonous,poisonous
0.47712886,0.3313076,0.9679793,1.0,0,0,1,edible,edible,poisonous
0.6006536,0.898336,0.9999577,1.0,1,1,1,poisonous,poisonous,poisonous
0.31380272,0.13074866,0.14180768,1.0,0,0,0,edible,edible,edible
0.32422346,0.3522979,0.99936044,1.0,0,0,1,edible,edible,poisonous
0.70493156,0.23556414,0.97947603,1.0,1,0,1,poisonous,edible,poisonous
0.5039437,0.58445334,0.98461956,1.0,1,1,1,poisonous,poisonous,poisonous
0.87926406,0.3815686,0.89408475,1.0,1,0,1,poisonous,edible,poisonous
0.24466944,0.64912045,0.29472417,1.0,0,1,0,edible,poisonous,edible
0.56384087,0.29765972,0.97882617,1.0,1,0,1,poisonous,edible,poisonous
0.75730664,0.6596018,0.99882865,1.0,1,1,1,poisonous,poisonous,poisonous
0.24449663,0.38518804,0.1446303,1.0,0,0,0,edible,edible,edible
0.4272595,0.7283478,0.99647665,1.0,0,1,1,edible,poisonous,poisonous
0.9061074,0.60728776,0.9998218,1.0,1,1,1,poisonous,poisonous,poisonous
0.36278436,0.5099875,0.9042815,1.0,0,1,1,edible,poisonous,poisonous
0.26448846,0.8014729,0.97507846,1.0,0,1,1,edible,poisonous,poisonous
0.63922244,0.62607574,0.99803454,1.0,1,1,1,poisonous,poisonous,poisonous
0.7529107,0.62506324,0.78429556,1.0,1,1,1,poisonous,poisonous,poisonous
0.39055932,0.4551288,0.9739023,1.0,0,0,1,edible,edible,poisonous
0.5892943,0.23027915,0.9994166,1.0,1,0,1,poisonous,edible,poisonous
0.909027,0.8132671,0.999208,1.0,1,1,1,poisonous,poisonous,poisonous
0.3536098,0.5112687,0.9743808,1.0,0,1,1,edible,poisonous,poisonous
0.5968394,0.88315296,0.9978005,1.0,1,1,1,poisonous,poisonous,poisonous
0.80469507,0.89454865,0.999823,1.0,1,1,1,poisonous,poisonous,poisonous
0.9335187,0.90548724,0.9997797,1.0,1,1,1,poisonous,poisonous,poisonous
0.3577654,0.43642744,0.99833524,1.0,0,0,1,edible,edible,poisonous
0.6355931,0.5862647,0.9867099,1.0,1,1,1,poisonous,poisonous,poisonous
0.7619241,0.8282512,0.9993646,1.0,1,1,1,poisonous,poisonous,poisonous
0.70567083,0.9613163,0.99984694,1.0,1,1,1,poisonous,poisonous,poisonous
0.47752872,0.58354294,0.9994088,1.0,0,1,1,edible,poisonous,poisonous
0.7165675,0.7884571,0.99304104,1.0,1,1,1,poisonous,poisonous,poisonous
0.88247913,0.8093215,0.9996326,1.0,1,1,1,poisonous,poisonous,poisonous
0.4240966,0.4957426,0.99976593,1.0,0,0,1,edible,edible,poisonous
0.62629634,0.8552153,0.99331546,1.0,1,1,1,poisonous,poisonous,poisonous
0.585812,0.58527833,0.99618924,1.0,1,1,1,poisonous,poisonous,poisonous
0.9443618,0.7549698,0.97272444,1.0,1,1,1,poisonous,poisonous,poisonous
0.9494527,0.9843142,0.9970846,1.0,1,1,1,poisonous,poisonous,poisonous
0.571211,0.85199755,0.9997892,1.0,1,1,1,poisonous,poisonous,poisonous
0.5542062,0.7348006,0.9990401,1.0,1,1,1,poisonous,poisonous,poisonous
0.83588284,0.9696203,0.9457561,1.0,1,1,1,poisonous,poisonous,poisonous
0.82064843,0.004807337,0.9999678,1.0,1,0,1,poisonous,edible,poisonous
0.18340886,0.26624307,0.021067878,1.0,0,0,0,edible,edible,edible
0.47213787,0.61344093,0.5284001,1.0,0,1,1,edible,poisonous,poisonous
0.67617184,0.98968244,0.99994665,1.0,1,1,1,poisonous,poisonous,poisonous
0.95627356,0.87191856,0.9999825,1.0,1,1,1,poisonous,poisonous,poisonous
0.5640826,0.6907879,0.9985964,1.0,1,1,1,poisonous,poisonous,poisonous
0.44133404,0.44026238,0.99943304,1.0,0,0,1,edible,edible,poisonous
0.7274525,0.8194744,0.9892434,1.0,1,1,1,poisonous,poisonous,poisonous
0.45340464,0.63072586,0.99983424,1.0,0,1,1,edible,poisonous,poisonous
0.43716547,0.48054746,0.11063436,1.0,0,0,0,edible,edible,edible
0.95627356,0.87191856,0.9999825,1.0,1,1,1,poisonous,poisonous,poisonous
0.911109,0.91495585,0.98873603,1.0,1,1,1,poisonous,poisonous,poisonous
0.541239,0.9468799,0.97831637,1.0,1,1,1,poisonous,poisonous,poisonous
0.80454975,0.9674278,0.9998249,1.0,1,1,1,poisonous,poisonous,poisonous
0.47047412,0.43779376,0.96453184,1.0,0,0,1,edible,edible,poisonous
0.38308686,0.673909,0.99849945,1.0,0,1,1,edible,poisonous,poisonous
0.107520156,0.63702095,0.99004734,1.0,0,1,1,edible,poisonous,poisonous
0.28830743,0.7505503,0.99630225,1.0,0,1,1,edible,poisonous,poisonous
0.80469507,0.89454865,0.999823,1.0,1,1,1,poisonous,poisonous,poisonous
0.97531116,0.8448706,0.99951845,1.0,1,1,1,poisonous,poisonous,poisonous
0.69554687,0.48034868,0.9693482,1.0,1,0,1,poisonous,edible,poisonous
0.90238625,0.9137964,0.9833989,1.0,1,1,1,poisonous,poisonous,poisonous
0.8890036,0.8705678,0.9999393,1.0,1,1,1,poisonous,poisonous,poisonous
0.8966106,0.96468717,0.99999964,1.0,1,1,1,poisonous,poisonous,poisonous
0.74342346,0.84748447,0.99050814,1.0,1,1,1,poisonous,poisonous,poisonous
0.5463925,0.6118648,0.9409214,1.0,1,1,1,poisonous,poisonous,poisonous
0.43626472,0.19790827,0.0063408446,1.0,0,0,0,edible,edible,edible
0.82062185,0.85010976,0.9767337,1.0,1,1,1,poisonous,poisonous,poisonous
0.7534817,0.897857,0.99853337,1.0,1,1,1,poisonous,poisonous,poisonous
0.42493108,0.78684074,0.9974816,1.0,0,1,1,edible,poisonous,poisonous
0.96947074,0.9742386,0.9999962,1.0,1,1,1,poisonous,poisonous,poisonous
0.9478158,0.9918393,0.99997056,1.0,1,1,1,poisonous,poisonous,poisonous
0.91940445,0.9910043,0.9960519,1.0,1,1,1,poisonous,poisonous,poisonous
0.438406,0.47862872,0.9934196,1.0,0,0,1,edible,edible,poisonous
0.7279851,0.86917657,0.9999134,1.0,1,1,1,poisonous,poisonous,poisonous
0.7353863,0.82822675,0.9926853,1.0,1,1,1,poisonous,poisonous,poisonous
0.12128712,0.64335585,0.91894686,1.0,0,1,1,edible,poisonous,poisonous
0.7474304,0.9050821,0.99901676,1.0,1,1,1,poisonous,poisonous,poisonous
0.33877176,0.57345957,0.9733289,1.0,0,1,1,edible,poisonous,poisonous
0.55458504,0.5792879,0.94061565,1.0,1,1,1,poisonous,poisonous,poisonous
0.9817665,0.9796035,0.999925,1.0,1,1,1,poisonous,poisonous,poisonous
0.9784782,0.9864339,0.99999976,1.0,1,1,1,poisonous,poisonous,poisonous
0.985914,0.99408793,0.9999699,1.0,1,1,1,poisonous,poisonous,poisonous
0.95603603,0.92044437,0.99841636,1.0,1,1,1,poisonous,poisonous,poisonous
0.8064211,0.83303326,0.91439027,1.0,1,1,1,poisonous,poisonous,poisonous
0.49343204,0.795997,0.9999937,1.0,0,1,1,edible,poisonous,poisonous
0.7228609,0.3128891,0.99921113,1.0,1,0,1,poisonous,edible,poisonous
0.49173343,0.91011333,0.99748236,1.0,0,1,1,edible,poisonous,poisonous
0.40653175,0.5969874,0.42100433,1.0,0,1,0,edible,poisonous,edible
0.85959613,0.9890393,0.84547216,1.0,1,1,1,poisonous,poisonous,poisonous
0.75955117,0.7668803,0.99726456,1.0,1,1,1,poisonous,poisonous,poisonous
0.97119814,0.9883599,0.9989144,1.0,1,1,1,poisonous,poisonous,poisonous
0.33061025,0.67235476,0.9983415,1.0,0,1,1,edible,poisonous,poisonous
0.24229376,0.6391151,0.99475425,1.0,0,1,1,edible,poisonous,poisonous
0.9372157,0.9267997,0.9946924,1.0,1,1,1,poisonous,poisonous,poisonous
0.8840798,0.67054844,0.99930537,1.0,1,1,1,poisonous,poisonous,poisonous
0.98454136,0.9431224,0.9999896,1.0,1,1,1,poisonous,poisonous,poisonous
0.95379287,0.9896092,0.9999143,1.0,1,1,1,poisonous,poisonous,poisonous
0.6759177,0.68108976,0.98000264,1.0,1,1,1,poisonous,poisonous,poisonous
0.6847995,0.87840974,0.9998717,1.0,1,1,1,poisonous,poisonous,poisonous
0.72771746,0.8622881,0.99967664,1.0,1,1,1,poisonous,poisonous,poisonous
0.9916236,0.9958164,0.99999565,1.0,1,1,1,poisonous,poisonous,poisonous
0.96308583,0.9818359,0.9999806,1.0,1,1,1,poisonous,poisonous,poisonous
0.9658801,0.9683306,0.99783725,1.0,1,1,1,poisonous,poisonous,poisonous
0.7040312,0.7333444,0.98934454,1.0,1,1,1,poisonous,poisonous,poisonous
0.8516799,0.91695434,0.99994546,1.0,1,1,1,poisonous,poisonous,poisonous
0.5281904,0.6009282,0.9974476,1.0,1,1,1,poisonous,poisonous,poisonous
0.96961266,0.912052,0.99531835,1.0,1,1,1,poisonous,poisonous,poisonous
0.82442355,0.9624976,0.9923433,1.0,1,1,1,poisonous,poisonous,poisonous
0.851817,0.8514452,0.99851185,1.0,1,1,1,poisonous,poisonous,poisonous
0.73479635,0.8737174,0.9989227,1.0,1,1,1,poisonous,poisonous,poisonous
0.2835438,0.88360786,0.98382765,1.0,0,1,1,edible,poisonous,poisonous
0.5505528,0.9749787,0.9999986,1.0,1,1,1,poisonous,poisonous,poisonous
0.9896622,0.9870497,0.99999297,1.0,1,1,1,poisonous,poisonous,poisonous
0.9871045,0.9947791,0.9999609,1.0,1,1,1,poisonous,poisonous,poisonous
0.4731591,0.2987316,0.9969676,1.0,0,0,1,edible,edible,poisonous
0.9022552,0.91865724,0.98512614,1.0,1,1,1,poisonous,poisonous,poisonous
0.94291353,0.8821883,0.9935465,1.0,1,1,1,poisonous,poisonous,poisonous
0.962349,0.9821657,0.9999834,1.0,1,1,1,poisonous,poisonous,poisonous
0.63159466,0.55876654,0.9972735,1.0,1,1,1,poisonous,poisonous,poisonous
0.67787826,0.89623785,0.89827406,1.0,1,1,1,poisonous,poisonous,poisonous
0.9870328,0.98388374,0.99975926,1.0,1,1,1,poisonous,poisonous,poisonous
0.9583729,0.9854212,0.999972,1.0,1,1,1,poisonous,poisonous,poisonous
0.4908151,0.7982982,0.9978188,1.0,0,1,1,edible,poisonous,poisonous
0.95919037,0.961342,0.9999548,1.0,1,1,1,poisonous,poisonous,poisonous
0.63602144,0.98979557,0.9999909,1.0,1,1,1,poisonous,poisonous,poisonous
0.9007857,0.8515194,0.9999563,1.0,1,1,1,poisonous,poisonous,poisonous
0.7754571,0.9503978,0.9998904,1.0,1,1,1,poisonous,poisonous,poisonous
0.3619897,0.4754415,0.9994966,1.0,0,0,1,edible,edible,poisonous
0.94876206,0.99329937,0.9997444,1.0,1,1,1,poisonous,poisonous,poisonous
0.76245415,0.43029904,0.972126,1.0,1,0,1,poisonous,edible,poisonous
0.91962886,0.885125,0.999272,1.0,1,1,1,poisonous,poisonous,poisonous
0.9818694,0.9992575,0.9999805,1.0,1,1,1,poisonous,poisonous,poisonous
0.8957732,0.993846,0.9999994,1.0,1,1,1,poisonous,poisonous,poisonous
0.96112394,0.798208,0.9668916,1.0,1,1,1,poisonous,poisonous,poisonous
0.5736913,0.11667229,0.6766311,1.0,1,0,1,poisonous,edible,poisonous
0.90557957,0.8345835,0.99999875,1.0,1,1,1,poisonous,poisonous,poisonous
0.77019244,0.9504359,0.99983776,1.0,1,1,1,poisonous,poisonous,poisonous
0.87324667,0.8709005,0.92115414,1.0,1,1,1,poisonous,poisonous,poisonous
0.88837075,0.9789446,0.99989384,1.0,1,1,1,poisonous,poisonous,poisonous
0.83693016,0.9908402,0.99976677,1.0,1,1,1,poisonous,poisonous,poisonous
0.85351604,0.99096906,1.0,1.0,1,1,1,poisonous,poisonous,poisonous
0.70736456,0.9184512,0.99771374,1.0,1,1,1,poisonous,poisonous,poisonous
0.8860956,0.7681223,0.999668,1.0,1,1,1,poisonous,poisonous,poisonous
0.5721343,0.9830497,0.9999264,1.0,1,1,1,poisonous,poisonous,poisonous
0.7312238,0.4628689,0.9937131,1.0,1,0,1,poisonous,edible,poisonous
0.95627356,0.87191856,0.9999825,1.0,1,1,1,poisonous,poisonous,poisonous
0.5680748,0.6034557,0.09220941,1.0,1,1,0,poisonous,poisonous,edible
0.56274974,0.367973,0.99315804,1.0,1,0,1,poisonous,edible,poisonous
0.64981616,0.8538058,0.99666613,1.0,1,1,1,poisonous,poisonous,poisonous
0.559505,0.95317906,0.9996118,1.0,1,1,1,poisonous,poisonous,poisonous
0.94717306,0.9794307,0.99997634,1.0,1,1,1,poisonous,poisonous,poisonous
0.4875353,0.7828903,0.99313796,1.0,0,1,1,edible,poisonous,poisonous
0.74389595,0.7673163,0.998211,1.0,1,1,1,poisonous,poisonous,poisonous
0.89789164,0.6979158,0.99973875,1.0,1,1,1,poisonous,poisonous,poisonous
0.44250956,0.83301735,0.99853534,1.0,0,1,1,edible,poisonous,poisonous
0.12207202,0.15137367,0.898302,1.0,0,0,1,edible,edible,poisonous
0.97531116,0.8448706,0.99951845,1.0,1,1,1,poisonous,poisonous,poisonous
0.752624,0.92192614,0.9406805,1.0,1,1,1,poisonous,poisonous,poisonous
0.2838596,0.7542959,0.9932482,1.0,0,1,1,edible,poisonous,poisonous
0.95993567,0.96519744,0.99998397,1.0,1,1,1,poisonous,poisonous,poisonous
0.80469507,0.89454865,0.999823,1.0,1,1,1,poisonous,poisonous,poisonous
0.7350162,0.94450355,0.9999829,1.0,1,1,1,poisonous,poisonous,poisonous
0.7131875,0.63771766,0.9829843,1.0,1,1,1,poisonous,poisonous,poisonous
0.70567083,0.9613163,0.99984694,1.0,1,1,1,poisonous,poisonous,poisonous
0.8289321,0.93955433,0.99996376,1.0,1,1,1,poisonous,poisonous,poisonous
0.7356078,0.7977455,0.9728421,1.0,1,1,1,poisonous,poisonous,poisonous
0.9273619,0.85793453,0.9999977,1.0,1,1,1,poisonous,poisonous,poisonous
0.65748036,0.71909636,0.9977828,1.0,1,1,1,poisonous,poisonous,poisonous
0.8159398,0.5596633,0.9762769,1.0,1,1,1,poisonous,poisonous,poisonous
0.110900775,0.14639014,0.85964876,1.0,0,0,1,edible,edible,poisonous
0.46131295,0.7387379,0.9267812,1.0,0,1,1,edible,poisonous,poisonous
0.9817665,0.9796035,0.999925,1.0,1,1,1,poisonous,poisonous,poisonous
0.9723035,0.9587299,0.9997696,1.0,1,1,1,poisonous,poisonous,poisonous
0.80454975,0.9674278,0.9998249,1.0,1,1,1,poisonous,poisonous,poisonous
0.48018014,0.8784368,0.99931073,1.0,0,1,1,edible,poisonous,poisonous
0.91625607,0.7382556,0.9995199,1.0,1,1,1,poisonous,poisonous,poisonous
0.6671182,0.86965305,0.9998918,1.0,1,1,1,poisonous,poisonous,poisonous
0.34117392,0.57725096,0.44875157,1.0,0,1,0,edible,poisonous,edible
0.97978145,0.98964584,0.9998198,1.0,1,1,1,poisonous,poisonous,poisonous
0.48738986,0.73469275,0.99916935,1.0,0,1,1,edible,poisonous,poisonous
0.9774232,0.98961484,0.9999997,1.0,1,1,1,poisonous,poisonous,poisonous
0.6451015,0.9145023,0.9999656,1.0,1,1,1,poisonous,poisonous,poisonous
0.9653191,0.9576,0.99997264,1.0,1,1,1,poisonous,poisonous,poisonous
0.87809026,0.94461006,0.99663174,1.0,1,1,1,poisonous,poisonous,poisonous
0.90087026,0.9725222,0.9949617,1.0,1,1,1,poisonous,poisonous,poisonous
0.4988278,0.91446483,0.9999363,1.0,0,1,1,edible,poisonous,poisonous
0.9750518,0.9809113,0.9869524,1.0,1,1,1,poisonous,poisonous,poisonous
0.99677527,0.97988975,0.9994024,1.0,1,1,1,poisonous,poisonous,poisonous
0.211218,0.8646727,0.5196508,1.0,0,1,1,edible,poisonous,poisonous
0.60956186,0.4756123,0.99961704,1.0,1,0,1,poisonous,edible,poisonous
0.9616219,0.99046147,0.99999917,1.0,1,1,1,poisonous,poisonous,poisonous
0.7350162,0.94450355,0.9999829,1.0,1,1,1,poisonous,poisonous,poisonous
0.8578802,0.76754117,0.99987894,1.0,1,1,1,poisonous,poisonous,poisonous
0.9632992,0.96252656,0.9997129,1.0,1,1,1,poisonous,poisonous,poisonous
0.9837572,0.954125,0.9999999,1.0,1,1,1,poisonous,poisonous,poisonous
0.93287826,0.8784295,0.96375394,1.0,1,1,1,poisonous,poisonous,poisonous
0.6679972,0.8802823,0.93930465,1.0,1,1,1,poisonous,poisonous,poisonous
0.78785384,0.91383666,0.9883284,1.0,1,1,1,poisonous,poisonous,poisonous
0.95825195,0.9375458,0.9996919,1.0,1,1,1,poisonous,poisonous,poisonous
0.98088396,0.9514769,0.9952477,1.0,1,1,1,poisonous,poisonous,poisonous
0.7924638,0.652728,0.99682844,1.0,1,1,1,poisonous,poisonous,poisonous
0.63609016,0.87837154,0.9976466,1.0,1,1,1,poisonous,poisonous,poisonous
0.9826836,0.9548915,0.9999977,1.0,1,1,1,poisonous,poisonous,poisonous
0.55332583,0.8348354,0.99380326,1.0,1,1,1,poisonous,poisonous,poisonous
0.69435036,0.96606535,0.9995227,1.0,1,1,1,poisonous,poisonous,poisonous
0.6365159,0.8512227,0.9995921,1.0,1,1,1,poisonous,poisonous,poisonous
0.8185054,0.7601836,0.9945915,1.0,1,1,1,poisonous,poisonous,poisonous
0.96942717,0.9359535,0.9993546,1.0,1,1,1,poisonous,poisonous,poisonous
0.97849673,0.9745603,0.9999999,1.0,1,1,1,poisonous,poisonous,poisonous
0.375968,0.8212021,0.38232735,1.0,0,1,0,edible,poisonous,edible
0.15368967,0.46343508,0.0799058,1.0,0,0,0,edible,edible,edible
0.6117961,0.7950731,0.9995644,1.0,1,1,1,poisonous,poisonous,poisonous
0.8186058,0.8128652,0.84275603,1.0,1,1,1,poisonous,poisonous,poisonous
0.6797501,0.44444808,0.9982741,1.0,1,0,1,poisonous,edible,poisonous
0.49560592,0.82903075,0.98256487,1.0,0,1,1,edible,poisonous,poisonous
0.46873587,0.59110576,0.4334355,1.0,0,1,0,edible,poisonous,edible
0.5117165,0.67598605,0.9901494,1.0,1,1,1,poisonous,poisonous,poisonous
0.7181492,0.58058107,0.99732876,1.0,1,1,1,poisonous,poisonous,poisonous
0.52978194,0.7213148,0.9967591,1.0,1,1,1,poisonous,poisonous,poisonous
0.7495087,0.673154,0.84769344,1.0,1,1,1,poisonous,poisonous,poisonous
0.5342373,0.69836694,0.99892616,1.0,1,1,1,poisonous,poisonous,poisonous
0.82732385,0.8189474,0.9975727,1.0,1,1,1,poisonous,poisonous,poisonous
0.4235796,0.5464882,0.9905416,1.0,0,1,1,edible,poisonous,poisonous
0.28080422,0.39483777,0.3995716,1.0,0,0,0,edible,edible,edible
0.90550303,0.9558585,0.99999595,1.0,1,1,1,poisonous,poisonous,poisonous
0.4886081,0.8349313,0.99620503,1.0,0,1,1,edible,poisonous,poisonous
0.48447564,0.72051567,0.9816597,1.0,0,1,1,edible,poisonous,poisonous
0.5771353,0.42076483,0.99952626,1.0,1,0,1,poisonous,edible,poisonous
0.70971304,0.6459218,0.9971897,1.0,1,1,1,poisonous,poisonous,poisonous
0.8706937,0.9007369,0.86163324,1.0,1,1,1,poisonous,poisonous,poisonous
0.4424586,0.7308298,0.9863359,1.0,0,1,1,edible,poisonous,poisonous
0.6872038,0.44608024,0.9937435,1.0,1,0,1,poisonous,edible,poisonous
0.600484,0.7670713,0.9978683,1.0,1,1,1,poisonous,poisonous,poisonous
0.76115894,0.85793793,0.9999284,1.0,1,1,1,poisonous,poisonous,poisonous
0.83892727,0.8861209,0.999723,1.0,1,1,1,poisonous,poisonous,poisonous
0.88131183,0.89003557,0.99784476,1.0,1,1,1,poisonous,poisonous,poisonous
0.9194439,0.95327306,0.99915755,1.0,1,1,1,poisonous,poisonous,poisonous
0.69896746,0.5200191,0.94154906,1.0,1,1,1,poisonous,poisonous,poisonous
0.41831654,0.6495841,0.94266105,1.0,0,1,1,edible,poisonous,poisonous
0.8675612,0.62192076,0.991814,1.0,1,1,1,poisonous,poisonous,poisonous
0.81929564,0.9373399,0.9999954,1.0,1,1,1,poisonous,poisonous,poisonous
0.6880535,0.2255304,0.9972076,1.0,1,0,1,poisonous,edible,poisonous
0.52732295,0.5431202,0.19080567,1.0,1,1,0,poisonous,poisonous,edible
0.48360226,0.8900583,0.990429,1.0,0,1,1,edible,poisonous,poisonous
0.8665617,0.9292156,0.9999913,1.0,1,1,1,poisonous,poisonous,poisonous
0.769928,0.8334056,0.72051674,1.0,1,1,1,poisonous,poisonous,poisonous
0.95524335,0.71317565,0.9999756,1.0,1,1,1,poisonous,poisonous,poisonous
0.27824968,0.3052978,0.98299426,1.0,0,0,1,edible,edible,poisonous
0.9217204,0.704383,0.9944333,1.0,1,1,1,poisonous,poisonous,poisonous
0.7213381,0.87280315,0.99984074,1.0,1,1,1,poisonous,poisonous,poisonous
0.78328675,0.54037595,0.9911783,1.0,1,1,1,poisonous,poisonous,poisonous
0.9802992,0.9864699,0.9920904,1.0,1,1,1,poisonous,poisonous,poisonous
0.71251386,0.6145716,0.9921683,1.0,1,1,1,poisonous,poisonous,poisonous
0.8724904,0.7308142,0.9858609,1.0,1,1,1,poisonous,poisonous,poisonous
0.8985819,0.8603402,0.99990934,1.0,1,1,1,poisonous,poisonous,poisonous
0.8207275,0.24679834,0.9995512,1.0,1,0,1,poisonous,edible,poisonous
0.43034887,0.39965966,0.99993676,1.0,0,0,1,edible,edible,poisonous
0.7577577,0.4508076,0.99946856,1.0,1,0,1,poisonous,edible,poisonous
0.9463956,0.89838064,0.99866223,1.0,1,1,1,poisonous,poisonous,poisonous
0.9492414,0.60342604,0.9591527,1.0,1,1,1,poisonous,poisonous,poisonous
0.95133704,0.80229944,0.99978375,1.0,1,1,1,poisonous,poisonous,poisonous
0.22769512,0.28962663,0.99577856,1.0,0,0,1,edible,edible,poisonous
0.59542733,0.76726353,0.99930614,1.0,1,1,1,poisonous,poisonous,poisonous
0.8228589,0.7127862,0.9998274,1.0,1,1,1,poisonous,poisonous,poisonous
0.8313546,0.9775773,0.9981967,1.0,1,1,1,poisonous,poisonous,poisonous
0.8054059,0.8451721,0.995878,1.0,1,1,1,poisonous,poisonous,poisonous
0.54610634,0.7652134,0.9587122,1.0,1,1,1,poisonous,poisonous,poisonous
0.6862596,0.7540984,0.97434855,1.0,1,1,1,poisonous,poisonous,poisonous
0.9381664,0.73116213,0.99762887,1.0,1,1,1,poisonous,poisonous,poisonous
0.9247517,0.9140965,0.9994256,1.0,1,1,1,poisonous,poisonous,poisonous
0.86840796,0.89579415,0.99792254,1.0,1,1,1,poisonous,poisonous,poisonous
0.7063427,0.96680987,0.9999999,1.0,1,1,1,poisonous,poisonous,poisonous
0.38833678,0.6623911,0.9999165,1.0,0,1,1,edible,poisonous,poisonous
0.5750828,0.76165855,0.99564016,1.0,1,1,1,poisonous,poisonous,poisonous
0.35352102,0.72463256,0.8455189,1.0,0,1,1,edible,poisonous,poisonous
0.8566177,0.861228,0.997527,1.0,1,1,1,poisonous,poisonous,poisonous
0.9169456,0.96177965,0.9988285,1.0,1,1,1,poisonous,poisonous,poisonous
0.9169822,0.75962394,0.9747368,1.0,1,1,1,poisonous,poisonous,poisonous
0.4423434,0.73729455,0.06701716,1.0,0,1,0,edible,poisonous,edible
0.9711067,0.95203906,0.99998313,1.0,1,1,1,poisonous,poisonous,poisonous
0.78950155,0.97637737,0.99952734,1.0,1,1,1,poisonous,poisonous,poisonous
0.59282756,0.8663146,0.99768955,1.0,1,1,1,poisonous,poisonous,poisonous
0.41968197,0.5693127,0.997496,1.0,0,1,1,edible,poisonous,poisonous
0.73021764,0.9741412,0.99999857,1.0,1,1,1,poisonous,poisonous,poisonous
0.6879211,0.87481356,0.9956878,1.0,1,1,1,poisonous,poisonous,poisonous
0.85468173,0.6939193,0.99996525,1.0,1,1,1,poisonous,poisonous,poisonous
0.6332228,0.6898146,0.9805013,1.0,1,1,1,poisonous,poisonous,poisonous
0.64689034,0.375338,0.98267204,1.0,1,0,1,poisonous,edible,poisonous
0.818152,0.8000559,0.9965841,1.0,1,1,1,poisonous,poisonous,poisonous
0.9801303,0.87019485,0.99024767,1.0,1,1,1,poisonous,poisonous,poisonous
0.37147114,0.5704082,0.97909564,1.0,0,1,1,edible,poisonous,poisonous
0.44543493,0.41694367,0.973147,1.0,0,0,1,edible,edible,poisonous
0.4482281,0.9181837,0.9988781,1.0,0,1,1,edible,poisonous,poisonous
0.9213139,0.8748418,0.999978,1.0,1,1,1,poisonous,poisonous,poisonous
0.84880465,0.81597704,0.99650717,1.0,1,1,1,poisonous,poisonous,poisonous
0.7213381,0.87280315,0.99984074,1.0,1,1,1,poisonous,poisonous,poisonous
0.80009866,0.98968965,0.9999679,1.0,1,1,1,poisonous,poisonous,poisonous
0.97105724,0.96971494,0.99318314,1.0,1,1,1,poisonous,poisonous,poisonous
0.90525,0.86156535,0.9997517,1.0,1,1,1,poisonous,poisonous,poisonous
0.8506515,0.8329379,0.9999991,1.0,1,1,1,poisonous,poisonous,poisonous
0.9532005,0.843324,0.99997675,1.0,1,1,1,poisonous,poisonous,poisonous
0.8485739,0.91239953,0.9957222,1.0,1,1,1,poisonous,poisonous,poisonous
0.5196417,0.6921958,0.99192905,1.0,1,1,1,poisonous,poisonous,poisonous
0.94354314,0.6926082,0.9992252,1.0,1,1,1,poisonous,poisonous,poisonous
0.9673785,0.92477584,0.99903184,1.0,1,1,1,poisonous,poisonous,poisonous
0.5873977,0.68898547,0.868637,1.0,1,1,1,poisonous,poisonous,poisonous
0.89632744,0.91378444,0.9875387,1.0,1,1,1,poisonous,poisonous,poisonous
0.9342704,0.9667302,0.9977226,1.0,1,1,1,poisonous,poisonous,poisonous
0.98446244,0.77155304,0.99987483,1.0,1,1,1,poisonous,poisonous,poisonous
0.9410135,0.8836927,0.99999434,1.0,1,1,1,poisonous,poisonous,poisonous
0.92922837,0.87382233,0.99650854,1.0,1,1,1,poisonous,poisonous,poisonous
0.8156785,0.78270423,0.9725021,1.0,1,1,1,poisonous,poisonous,poisonous
0.9194397,0.81649816,0.999643,1.0,1,1,1,poisonous,poisonous,poisonous
0.32981306,0.8427618,0.98469263,1.0,0,1,1,edible,poisonous,poisonous
0.5520912,0.88148093,0.99715465,1.0,1,1,1,poisonous,poisonous,poisonous
0.9192419,0.9654861,0.9998673,1.0,1,1,1,poisonous,poisonous,poisonous
0.70957154,0.890772,0.99956346,1.0,1,1,1,poisonous,poisonous,poisonous
0.6519213,0.6146314,0.9452973,1.0,1,1,1,poisonous,poisonous,poisonous
0.9406107,0.87940156,0.9979292,1.0,1,1,1,poisonous,poisonous,poisonous
0.945626,0.9373986,0.99999845,1.0,1,1,1,poisonous,poisonous,poisonous
0.9678428,0.97566074,0.99897504,1.0,1,1,1,poisonous,poisonous,poisonous
0.47388548,0.6352988,0.99854785,1.0,0,1,1,edible,poisonous,poisonous
0.98987645,0.9456168,0.99998635,1.0,1,1,1,poisonous,poisonous,poisonous
0.9367208,0.96976185,0.9976314,1.0,1,1,1,poisonous,poisonous,poisonous
0.9905793,0.95547,0.99989736,1.0,1,1,1,poisonous,poisonous,poisonous
0.8621081,0.99998957,0.98639244,1.0,1,1,1,poisonous,poisonous,poisonous
0.9678992,0.9367849,0.711388,1.0,1,1,1,poisonous,poisonous,poisonous
0.9439069,0.95994455,0.99828917,1.0,1,1,1,poisonous,poisonous,poisonous
0.9660679,0.9831116,0.99999166,1.0,1,1,1,poisonous,poisonous,poisonous
0.9549318,0.47765023,0.9876413,1.0,1,0,1,poisonous,edible,poisonous
0.9823854,0.8706241,0.9057337,1.0,1,1,1,poisonous,poisonous,poisonous
0.7594518,0.93699026,0.68973154,1.0,1,1,1,poisonous,poisonous,poisonous
0.99100184,0.88698024,0.9989135,1.0,1,1,1,poisonous,poisonous,poisonous
0.972231,0.9724642,0.9821304,1.0,1,1,1,poisonous,poisonous,poisonous
0.99752396,0.95975196,0.99830997,1.0,1,1,1,poisonous,poisonous,poisonous
0.9965254,0.96543497,0.9995824,1.0,1,1,1,poisonous,poisonous,poisonous
0.9695838,0.94767195,0.9982097,1.0,1,1,1,poisonous,poisonous,poisonous
0.99430126,0.52704316,0.98889554,1.0,1,1,1,poisonous,poisonous,poisonous
0.967409,0.97752434,0.994813,1.0,1,1,1,poisonous,poisonous,poisonous
0.9696529,0.99405986,0.99941146,1.0,1,1,1,poisonous,poisonous,poisonous
0.9644565,0.9728324,0.94996727,1.0,1,1,1,poisonous,poisonous,poisonous
0.8226023,0.7917454,0.998706,1.0,1,1,1,poisonous,poisonous,poisonous
0.90835804,0.96513313,0.9878144,1.0,1,1,1,poisonous,poisonous,poisonous
0.9203497,0.94271326,0.99558324,1.0,1,1,1,poisonous,poisonous,poisonous
0.98314714,0.86467075,0.9984764,1.0,1,1,1,poisonous,poisonous,poisonous
0.99266654,0.8953404,0.90059566,1.0,1,1,1,poisonous,poisonous,poisonous
0.9601796,0.6760018,0.99665034,1.0,1,1,1,poisonous,poisonous,poisonous
0.8594629,0.9955537,0.99965936,1.0,1,1,1,poisonous,poisonous,poisonous
0.72269815,0.6408425,0.9998907,1.0,1,1,1,poisonous,poisonous,poisonous
0.541881,0.80059844,0.97546065,1.0,1,1,1,poisonous,poisonous,poisonous
0.23889586,0.59619045,0.9966638,1.0,0,1,1,edible,poisonous,poisonous
0.86550015,0.54280543,0.99525756,1.0,1,1,1,poisonous,poisonous,poisonous
0.72269815,0.6408425,0.9998907,1.0,1,1,1,poisonous,poisonous,poisonous
0.84993446,0.8642618,0.9994426,1.0,1,1,1,poisonous,poisonous,poisonous
0.59970975,0.3213966,0.86259127,1.0,1,0,1,poisonous,edible,poisonous
0.79301655,0.64876497,0.9999971,1.0,1,1,1,poisonous,poisonous,poisonous
0.8738384,0.8742489,0.9806851,1.0,1,1,1,poisonous,poisonous,poisonous
0.73017734,0.44866565,0.40771127,1.0,1,0,0,poisonous,edible,edible
0.7716316,0.9527806,0.9965073,1.0,1,1,1,poisonous,poisonous,poisonous
0.80913407,0.94484156,0.9998301,1.0,1,1,1,poisonous,poisonous,poisonous
0.5475352,0.3099985,0.96407396,1.0,1,0,1,poisonous,edible,poisonous
0.49450508,0.2857273,0.0019774502,1.0,0,0,0,edible,edible,edible
0.7186966,0.09157322,0.6192923,1.0,1,0,1,poisonous,edible,poisonous
0.6669005,0.37061015,0.7767463,1.0,1,0,1,poisonous,edible,poisonous
0.31476134,0.113487616,0.0021207838,1.0,0,0,0,edible,edible,edible
0.39600772,0.17501111,0.009220725,1.0,0,0,0,edible,edible,edible
0.81661135,0.07912142,0.98969483,1.0,1,0,1,poisonous,edible,poisonous
0.13431343,0.10066113,0.9794132,1.0,0,0,1,edible,edible,poisonous
0.4107814,0.28806186,0.9717811,1.0,0,0,1,edible,edible,poisonous
0.9435705,0.7031429,0.9998517,1.0,1,1,1,poisonous,poisonous,poisonous
0.94071907,0.967389,0.9716488,1.0,1,1,1,poisonous,poisonous,poisonous
0.5668312,0.5697928,0.9664365,1.0,1,1,1,poisonous,poisonous,poisonous
0.98593163,0.988236,0.99999976,1.0,1,1,1,poisonous,poisonous,poisonous
0.8997447,0.35453054,0.9583461,1.0,1,0,1,poisonous,edible,poisonous
0.27794835,0.38500845,0.9972802,1.0,0,0,1,edible,edible,poisonous
0.30276123,0.22198977,0.5710539,1.0,0,0,1,edible,edible,poisonous
0.8237329,0.80107355,0.9634055,1.0,1,1,1,poisonous,poisonous,poisonous
0.9250984,0.9153768,0.92958736,1.0,1,1,1,poisonous,poisonous,poisonous
0.54374725,0.32653126,0.9991412,1.0,1,0,1,poisonous,edible,poisonous
0.5236507,0.44785082,0.93213725,1.0,1,0,1,poisonous,edible,poisonous
0.6239195,0.90881145,0.22871965,1.0,1,1,0,poisonous,poisonous,edible
0.5024885,0.17927787,0.88444144,1.0,1,0,1,poisonous,edible,poisonous
0.9567269,0.7107931,0.9893772,1.0,1,1,1,poisonous,poisonous,poisonous
0.84993446,0.8642618,0.9994426,1.0,1,1,1,poisonous,poisonous,poisonous
0.41762367,0.37992924,0.99959064,1.0,0,0,1,edible,edible,poisonous
0.9489414,0.67417324,0.9669428,1.0,1,1,1,poisonous,poisonous,poisonous
0.9445542,0.81976366,0.9995796,1.0,1,1,1,poisonous,poisonous,poisonous
0.88967586,0.85186523,0.9916745,1.0,1,1,1,poisonous,poisonous,poisonous
0.37469116,0.48155373,0.99069226,1.0,0,0,1,edible,edible,poisonous
0.41078123,0.57525784,0.9810326,1.0,0,1,1,edible,poisonous,poisonous
0.34524867,0.08834233,0.10911909,1.0,0,0,0,edible,edible,edible
0.5835786,0.45686203,0.9961444,1.0,1,0,1,poisonous,edible,poisonous
0.89497507,0.99782014,0.99730563,1.0,1,1,1,poisonous,poisonous,poisonous
0.43329462,0.035575934,0.96537864,1.0,0,0,1,edible,edible,poisonous
0.35538027,0.4929648,0.9949815,1.0,0,0,1,edible,edible,poisonous
0.9652739,0.877022,0.9839402,1.0,1,1,1,poisonous,poisonous,poisonous
0.93915707,0.7083422,0.99982774,1.0,1,1,1,poisonous,poisonous,poisonous
0.5851882,0.9658368,0.8832105,1.0,1,1,1,poisonous,poisonous,poisonous
0.91442156,0.92047715,0.99452484,1.0,1,1,1,poisonous,poisonous,poisonous
0.22514835,0.68806016,0.97866815,1.0,0,1,1,edible,poisonous,poisonous
0.7792704,0.5821832,0.9987162,1.0,1,1,1,poisonous,poisonous,poisonous
0.9234043,0.8176558,0.9972086,1.0,1,1,1,poisonous,poisonous,poisonous
0.37826753,0.61298436,0.9995687,1.0,0,1,1,edible,poisonous,poisonous
0.9795601,0.9343354,0.836188,1.0,1,1,1,poisonous,poisonous,poisonous
0.5682696,0.6019128,0.9987125,1.0,1,1,1,poisonous,poisonous,poisonous
0.92125607,0.99977887,0.9992664,1.0,1,1,1,poisonous,poisonous,poisonous
0.6643816,0.80161095,0.98957384,1.0,1,1,1,poisonous,poisonous,poisonous
0.52992344,0.6098994,0.9975386,1.0,1,1,1,poisonous,poisonous,poisonous
0.94071907,0.967389,0.9716488,1.0,1,1,1,poisonous,poisonous,poisonous
0.26023692,0.35254517,0.025420275,1.0,0,0,0,edible,edible,edible
0.7124459,0.75736105,0.99970806,1.0,1,1,1,poisonous,poisonous,poisonous
0.9445397,0.9854434,0.99682075,1.0,1,1,1,poisonous,poisonous,poisonous
0.88986486,0.80637395,0.9980101,1.0,1,1,1,poisonous,poisonous,poisonous
0.5041898,0.47583482,0.9936548,1.0,1,0,1,poisonous,edible,poisonous
0.876945,0.8474988,0.9995768,1.0,1,1,1,poisonous,poisonous,poisonous
0.6706659,0.38227746,0.99802136,1.0,1,0,1,poisonous,edible,poisonous
0.98179805,0.98865086,0.99988455,1.0,1,1,1,poisonous,poisonous,poisonous
0.9179516,0.783841,0.98963845,1.0,1,1,1,poisonous,poisonous,poisonous
0.92803323,0.7466718,0.99031264,1.0,1,1,1,poisonous,poisonous,poisonous
0.61647415,0.6924637,0.99749184,1.0,1,1,1,poisonous,poisonous,poisonous
0.6333895,0.661226,0.9519336,1.0,1,1,1,poisonous,poisonous,poisonous
0.9519739,0.95474464,0.99838734,1.0,1,1,1,poisonous,poisonous,poisonous
0.984721,0.63875914,0.99990404,1.0,1,1,1,poisonous,poisonous,poisonous
0.47341362,0.14520162,0.9987338,1.0,0,0,1,edible,edible,poisonous
0.8523726,0.98642254,0.9222945,1.0,1,1,1,poisonous,poisonous,poisonous
0.88254863,0.990419,0.99394184,1.0,1,1,1,poisonous,poisonous,poisonous
0.7135478,0.6914439,0.98235625,1.0,1,1,1,poisonous,poisonous,poisonous
0.8897905,0.6723772,0.9834683,1.0,1,1,1,poisonous,poisonous,poisonous
0.9775066,0.5426836,0.9739347,1.0,1,1,1,poisonous,poisonous,poisonous
0.4292552,0.3438431,0.998896,1.0,0,0,1,edible,edible,poisonous
0.9712985,0.6937348,0.9536531,1.0,1,1,1,poisonous,poisonous,poisonous
0.9450387,0.97715104,0.99987715,1.0,1,1,1,poisonous,poisonous,poisonous
0.965899,0.8628315,0.99937344,1.0,1,1,1,poisonous,poisonous,poisonous
0.9866325,0.9921614,0.9935946,1.0,1,1,1,poisonous,poisonous,poisonous
0.37725067,0.5158423,0.9970876,1.0,0,1,1,edible,poisonous,poisonous
0.90299094,0.8074378,0.98676026,1.0,1,1,1,poisonous,poisonous,poisonous
0.57406354,0.4307293,0.9976188,1.0,1,0,1,poisonous,edible,poisonous
0.9692852,0.9452549,0.9988334,1.0,1,1,1,poisonous,poisonous,poisonous
0.95858574,0.99785805,0.9962253,1.0,1,1,1,poisonous,poisonous,poisonous
0.9428851,0.85075206,0.9908482,1.0,1,1,1,poisonous,poisonous,poisonous
0.9709889,0.76897687,0.99855644,1.0,1,1,1,poisonous,poisonous,poisonous
0.9250984,0.9153768,0.92958736,1.0,1,1,1,poisonous,poisonous,poisonous
0.84993446,0.8642618,0.9994426,1.0,1,1,1,poisonous,poisonous,poisonous
0.53427494,0.724057,0.99972576,1.0,1,1,1,poisonous,poisonous,poisonous
0.5208493,0.77611274,0.9979986,1.0,1,1,1,poisonous,poisonous,poisonous
0.35594395,0.43001333,0.99849814,1.0,0,0,1,edible,edible,poisonous
0.95223314,0.7114253,0.99984306,1.0,1,1,1,poisonous,poisonous,poisonous
0.281254,0.22281893,0.8771251,1.0,0,0,1,edible,edible,poisonous
0.50062835,0.5544113,0.99980116,1.0,1,1,1,poisonous,poisonous,poisonous
0.51648355,0.68248725,0.9966813,1.0,1,1,1,poisonous,poisonous,poisonous
0.4338555,0.60335,0.99448764,1.0,0,1,1,edible,poisonous,poisonous
0.3808847,0.5856755,0.9993661,1.0,0,1,1,edible,poisonous,poisonous
0.7872224,0.72546625,0.9845634,1.0,1,1,1,poisonous,poisonous,poisonous
0.7095541,0.8033324,0.9702873,1.0,1,1,1,poisonous,poisonous,poisonous
0.75402075,0.5914993,0.9995812,1.0,1,1,1,poisonous,poisonous,poisonous
0.50691724,0.34303805,0.999323,1.0,1,0,1,poisonous,edible,poisonous
0.6269909,0.46464497,0.9949027,1.0,1,0,1,poisonous,edible,poisonous
0.6916781,0.83963585,0.9995283,1.0,1,1,1,poisonous,poisonous,poisonous
0.89134705,0.5158837,0.9895403,1.0,1,1,1,poisonous,poisonous,poisonous
0.66369194,0.65613467,0.6617578,1.0,1,1,1,poisonous,poisonous,poisonous
0.67779803,0.7833181,0.94501656,1.0,1,1,1,poisonous,poisonous,poisonous
0.92954886,0.9924386,0.98912036,1.0,1,1,1,poisonous,poisonous,poisonous
0.9507574,0.9786017,0.9997548,1.0,1,1,1,poisonous,poisonous,poisonous
0.34276292,0.38538408,0.9706118,1.0,0,0,1,edible,edible,poisonous
0.49203652,0.72478074,0.9997395,1.0,0,1,1,edible,poisonous,poisonous
0.57018346,0.7752028,0.99931437,1.0,1,1,1,poisonous,poisonous,poisonous
0.9096809,0.656568,0.9977796,1.0,1,1,1,poisonous,poisonous,poisonous
0.3192068,0.4824741,0.99630594,1.0,0,0,1,edible,edible,poisonous
0.35538027,0.4929648,0.9949815,1.0,0,0,1,edible,edible,poisonous
0.84993446,0.8642618,0.9994426,1.0,1,1,1,poisonous,poisonous,poisonous
0.52831644,0.24066913,0.9806096,1.0,1,0,1,poisonous,edible,poisonous
0.09455993,0.09462396,0.9652761,1.0,0,0,1,edible,edible,poisonous
0.2570827,0.1617019,0.5444342,1.0,0,0,1,edible,edible,poisonous
0.18709432,0.4439271,0.97586894,1.0,0,0,1,edible,edible,poisonous
0.45689565,0.34054685,0.9746677,1.0,0,0,1,edible,edible,poisonous
0.9079483,0.8270612,0.9864472,1.0,1,1,1,poisonous,poisonous,poisonous
0.6910703,0.51703846,0.9864148,1.0,1,1,1,poisonous,poisonous,poisonous
0.6160634,0.6619967,0.9968523,1.0,1,1,1,poisonous,poisonous,poisonous
0.92847073,0.95511955,0.99924886,1.0,1,1,1,poisonous,poisonous,poisonous
0.7899098,0.41094875,0.9993046,1.0,1,0,1,poisonous,edible,poisonous
0.5957195,0.49144667,0.9994499,1.0,1,0,1,poisonous,edible,poisonous
0.9062588,0.77219516,0.98252696,1.0,1,1,1,poisonous,poisonous,poisonous
0.35216796,0.599852,0.9977505,1.0,0,1,1,edible,poisonous,poisonous
0.61333656,0.63859624,0.99365425,1.0,1,1,1,poisonous,poisonous,poisonous
0.98617405,0.9915963,0.94452596,1.0,1,1,1,poisonous,poisonous,poisonous
0.64528316,0.23847994,0.96531856,1.0,1,0,1,poisonous,edible,poisonous
0.72269815,0.6408425,0.9998907,1.0,1,1,1,poisonous,poisonous,poisonous
0.72800833,0.10766595,0.9839707,1.0,1,0,1,poisonous,edible,poisonous
0.2617794,0.5726829,0.99055827,1.0,0,1,1,edible,poisonous,poisonous
0.6414028,0.30254543,0.9859226,1.0,1,0,1,poisonous,edible,poisonous
0.9337758,0.9823493,0.8168476,1.0,1,1,1,poisonous,poisonous,poisonous
0.15015724,0.4286085,0.9230236,1.0,0,0,1,edible,edible,poisonous
0.8855895,0.6310968,0.99841243,1.0,1,1,1,poisonous,poisonous,poisonous
0.5039489,0.39117998,0.9352998,1.0,1,0,1,poisonous,edible,poisonous
0.64991075,0.6826288,0.98981637,1.0,1,1,1,poisonous,poisonous,poisonous
0.9566662,0.99767625,0.8780713,1.0,1,1,1,poisonous,poisonous,poisonous
0.69292885,0.3101989,0.9974502,1.0,1,0,1,poisonous,edible,poisonous
0.4704792,0.7076812,0.9985987,1.0,0,1,1,edible,poisonous,poisonous
0.58102906,0.40204033,0.68992066,1.0,1,0,1,poisonous,edible,poisonous
0.38721257,0.38536537,0.99565154,1.0,0,0,1,edible,edible,poisonous
0.6623077,0.31486914,0.62964815,1.0,1,0,1,poisonous,edible,poisonous
0.48422748,0.7353887,0.99277997,1.0,0,1,1,edible,poisonous,poisonous
0.5402815,0.3235693,0.9963709,1.0,1,0,1,poisonous,edible,poisonous
0.57380635,0.36555552,0.99300516,1.0,1,0,1,poisonous,edible,poisonous
0.94686055,0.45955727,0.9325819,1.0,1,0,1,poisonous,edible,poisonous
0.64579535,0.176455,0.50083506,1.0,1,0,1,poisonous,edible,poisonous
0.6546388,0.7539265,0.99769974,1.0,1,1,1,poisonous,poisonous,poisonous
0.61705893,0.6973979,0.9937739,1.0,1,1,1,poisonous,poisonous,poisonous
0.3154223,0.16350375,0.96840274,1.0,0,0,1,edible,edible,poisonous
0.9220725,0.924399,0.99962264,1.0,1,1,1,poisonous,poisonous,poisonous
0.2792695,0.5550308,0.9612122,1.0,0,1,1,edible,poisonous,poisonous
0.47934496,0.53877914,0.99812895,1.0,0,1,1,edible,poisonous,poisonous
0.3885921,0.42267874,0.99931085,1.0,0,0,1,edible,edible,poisonous
0.7313493,0.99214625,0.9972357,1.0,1,1,1,poisonous,poisonous,poisonous
0.53201663,0.92084813,0.9906365,1.0,1,1,1,poisonous,poisonous,poisonous
0.4402936,0.9248732,0.96517235,1.0,0,1,1,edible,poisonous,poisonous
0.3746665,0.76692253,0.98841226,1.0,0,1,1,edible,poisonous,poisonous
0.57258505,0.7048539,0.9957829,1.0,1,1,1,poisonous,poisonous,poisonous
0.7188327,0.895144,0.9999604,1.0,1,1,1,poisonous,poisonous,poisonous
0.40850297,0.33019167,0.9994961,1.0,0,0,1,edible,edible,poisonous
0.78109974,0.8966093,0.99952,1.0,1,1,1,poisonous,poisonous,poisonous
0.6687569,0.59788066,0.99848765,1.0,1,1,1,poisonous,poisonous,poisonous
0.7222231,0.8943274,0.98943317,1.0,1,1,1,poisonous,poisonous,poisonous
0.73649234,0.7551084,0.9996033,1.0,1,1,1,poisonous,poisonous,poisonous
0.64595526,0.86942756,0.9970026,1.0,1,1,1,poisonous,poisonous,poisonous
0.95475876,0.95203763,0.9997081,1.0,1,1,1,poisonous,poisonous,poisonous
0.690601,0.7547168,0.9969128,1.0,1,1,1,poisonous,poisonous,poisonous
0.5080553,0.5914946,0.9982203,1.0,1,1,1,poisonous,poisonous,poisonous
0.9634341,0.9823923,0.99892664,1.0,1,1,1,poisonous,poisonous,poisonous
0.41937765,0.47419602,0.90108955,1.0,0,0,1,edible,edible,poisonous
0.80792266,0.8877772,0.99981004,1.0,1,1,1,poisonous,poisonous,poisonous
0.27648485,0.45330334,0.9995715,1.0,0,0,1,edible,edible,poisonous
0.58518875,0.7417764,0.9995623,1.0,1,1,1,poisonous,poisonous,poisonous
0.84331864,0.9241129,0.9990768,1.0,1,1,1,poisonous,poisonous,poisonous
0.612936,0.7383673,0.999944,1.0,1,1,1,poisonous,poisonous,poisonous
0.7554651,0.8591657,0.92871606,1.0,1,1,1,poisonous,poisonous,poisonous
0.53490657,0.9275315,0.9898733,1.0,1,1,1,poisonous,poisonous,poisonous
0.5292256,0.6210941,0.8206812,1.0,1,1,1,poisonous,poisonous,poisonous
0.7967446,0.9028748,0.99991405,1.0,1,1,1,poisonous,poisonous,poisonous
0.687401,0.27040076,0.99606705,1.0,1,0,1,poisonous,edible,poisonous
0.8262758,0.86699533,0.9997063,1.0,1,1,1,poisonous,poisonous,poisonous
0.97860175,0.90574557,0.9998949,1.0,1,1,1,poisonous,poisonous,poisonous
0.5986675,0.9094769,0.99995047,1.0,1,1,1,poisonous,poisonous,poisonous
0.5438156,0.62340146,0.9727763,1.0,1,1,1,poisonous,poisonous,poisonous
0.8910368,0.8388199,0.9938753,1.0,1,1,1,poisonous,poisonous,poisonous
0.29684013,0.07203534,0.009766792,1.0,0,0,0,edible,edible,edible
0.65465456,0.8694383,0.99994755,1.0,1,1,1,poisonous,poisonous,poisonous
0.8150485,0.97974473,0.9999992,1.0,1,1,1,poisonous,poisonous,poisonous
0.8218809,0.78991634,0.9990587,1.0,1,1,1,poisonous,poisonous,poisonous
0.78712565,0.79784185,0.9809254,1.0,1,1,1,poisonous,poisonous,poisonous
0.48803225,0.78798646,0.99690974,1.0,0,1,1,edible,poisonous,poisonous
0.7880383,0.4689733,0.96022385,1.0,1,0,1,poisonous,edible,poisonous
0.19856001,0.17954639,0.9579932,1.0,0,0,1,edible,edible,poisonous
0.9542095,0.9472915,0.9998099,1.0,1,1,1,poisonous,poisonous,poisonous
0.27727276,0.0449426,0.77565116,1.0,0,0,1,edible,edible,poisonous
0.9211714,0.82899886,0.99554986,1.0,1,1,1,poisonous,poisonous,poisonous
0.8356329,0.76862025,0.99626863,1.0,1,1,1,poisonous,poisonous,poisonous
0.89274573,0.8331055,0.99754304,1.0,1,1,1,poisonous,poisonous,poisonous
0.57325256,0.5274589,0.9995707,1.0,1,1,1,poisonous,poisonous,poisonous
0.96791524,0.9794857,0.99955547,1.0,1,1,1,poisonous,poisonous,poisonous
0.9748342,0.9692962,0.99666053,1.0,1,1,1,poisonous,poisonous,poisonous
0.8402162,0.69149137,0.94277626,1.0,1,1,1,poisonous,poisonous,poisonous
0.6658892,0.66213393,0.9927721,1.0,1,1,1,poisonous,poisonous,poisonous
0.7530507,0.7943483,0.99858195,1.0,1,1,1,poisonous,poisonous,poisonous
0.9429112,0.79190105,0.96136,1.0,1,1,1,poisonous,poisonous,poisonous
0.3658129,0.14199321,0.89237195,1.0,0,0,1,edible,edible,poisonous
0.5951257,0.29431263,0.9585285,1.0,1,0,1,poisonous,edible,poisonous
0.7741933,0.8410467,0.99000144,1.0,1,1,1,poisonous,poisonous,poisonous
0.8157177,0.49871105,0.9500258,1.0,1,0,1,poisonous,edible,poisonous
0.78002316,0.6843326,0.9992139,1.0,1,1,1,poisonous,poisonous,poisonous
0.5174469,0.57146513,0.9176959,1.0,1,1,1,poisonous,poisonous,poisonous
0.654568,0.7563961,0.97861993,1.0,1,1,1,poisonous,poisonous,poisonous
0.6444469,0.7383892,0.9910736,1.0,1,1,1,poisonous,poisonous,poisonous
0.8481084,0.6139832,0.9998023,1.0,1,1,1,poisonous,poisonous,poisonous
0.911132,0.85108787,0.9965982,1.0,1,1,1,poisonous,poisonous,poisonous
0.77492106,0.5737116,0.99790573,1.0,1,1,1,poisonous,poisonous,poisonous
0.5979931,0.89506316,0.9907111,1.0,1,1,1,poisonous,poisonous,poisonous
0.8584473,0.92057055,0.9438712,1.0,1,1,1,poisonous,poisonous,poisonous
0.55596685,0.8534233,0.9967056,1.0,1,1,1,poisonous,poisonous,poisonous
0.65496725,0.92489356,0.9971363,1.0,1,1,1,poisonous,poisonous,poisonous
0.57061636,0.40472338,0.99886864,1.0,1,0,1,poisonous,edible,poisonous
0.48288488,0.79150134,0.9815257,1.0,0,1,1,edible,poisonous,poisonous
0.39688897,0.35628724,0.96742505,1.0,0,0,1,edible,edible,poisonous
0.394966,0.79354215,0.9999919,1.0,0,1,1,edible,poisonous,poisonous
0.61025286,0.50993145,0.9995469,1.0,1,1,1,poisonous,poisonous,poisonous
0.39113516,0.5204418,0.2940769,1.0,0,1,0,edible,poisonous,edible
0.67411983,0.76809734,0.9962722,1.0,1,1,1,poisonous,poisonous,poisonous
0.7974577,0.78111947,0.98360425,1.0,1,1,1,poisonous,poisonous,poisonous
0.5986204,0.7976172,0.99962837,1.0,1,1,1,poisonous,poisonous,poisonous
0.8174434,0.5500101,0.9516393,1.0,1,1,1,poisonous,poisonous,poisonous
0.46643907,0.27963683,0.99704266,1.0,0,0,1,edible,edible,poisonous
0.7736399,0.8241437,0.98557895,1.0,1,1,1,poisonous,poisonous,poisonous
0.63977295,0.1748522,0.9999811,1.0,1,0,1,poisonous,edible,poisonous
0.4674784,0.30967,0.9731318,1.0,0,0,1,edible,edible,poisonous
0.3401883,0.2765607,0.98819566,1.0,0,0,1,edible,edible,poisonous
0.5713835,0.7201327,0.9995469,1.0,1,1,1,poisonous,poisonous,poisonous
0.29627943,0.6308515,0.9721044,1.0,0,1,1,edible,poisonous,poisonous
0.4383909,0.79091686,0.9789714,1.0,0,1,1,edible,poisonous,poisonous
0.5053991,0.71796167,0.9994776,1.0,1,1,1,poisonous,poisonous,poisonous
0.4831888,0.6035672,0.96634406,1.0,0,1,1,edible,poisonous,poisonous
0.6804717,0.44600374,0.83059233,1.0,1,0,1,poisonous,edible,poisonous
0.25548518,0.8364072,0.9999486,1.0,0,1,1,edible,poisonous,poisonous
0.43166122,0.56452173,0.995667,1.0,0,1,1,edible,poisonous,poisonous
0.6368346,0.40833643,0.99727696,1.0,1,0,1,poisonous,edible,poisonous
0.41444755,0.66286117,0.9948925,1.0,0,1,1,edible,poisonous,poisonous
0.40069512,0.77466136,0.9997245,1.0,0,1,1,edible,poisonous,poisonous
0.44605774,0.61462516,0.9962097,1.0,0,1,1,edible,poisonous,poisonous
0.84170026,0.86150503,0.9333223,1.0,1,1,1,poisonous,poisonous,poisonous
0.6517054,0.49376476,0.9961001,1.0,1,0,1,poisonous,edible,poisonous
0.26831663,0.29843223,0.90362525,1.0,0,0,1,edible,edible,poisonous
0.43759677,0.13351662,0.98498446,1.0,0,0,1,edible,edible,poisonous
0.5856644,0.16435733,0.7073102,1.0,1,0,1,poisonous,edible,poisonous
0.3825221,0.19149344,0.9999128,1.0,0,0,1,edible,edible,poisonous
0.39126682,0.14925054,0.43562618,1.0,0,0,0,edible,edible,edible
0.91369325,0.9453852,0.99972594,1.0,1,1,1,poisonous,poisonous,poisonous
0.7647208,0.8669374,0.98833746,1.0,1,1,1,poisonous,poisonous,poisonous
0.7033082,0.7887566,0.9398366,1.0,1,1,1,poisonous,poisonous,poisonous
0.12752178,0.24106404,0.9852263,1.0,0,0,1,edible,edible,poisonous
0.95676166,0.94554794,0.9991549,1.0,1,1,1,poisonous,poisonous,poisonous
0.20394805,0.90040755,0.9992932,1.0,0,1,1,edible,poisonous,poisonous
0.75124633,0.8961173,0.9981888,1.0,1,1,1,poisonous,poisonous,poisonous
0.7768575,0.76207244,0.99498826,1.0,1,1,1,poisonous,poisonous,poisonous
0.4123916,0.6682202,0.99813926,1.0,0,1,1,edible,poisonous,poisonous
0.49797088,0.87212545,0.99920547,1.0,0,1,1,edible,poisonous,poisonous
0.28588185,0.33013567,0.99966866,1.0,0,0,1,edible,edible,poisonous
0.4670512,0.5642152,0.9570479,1.0,0,1,1,edible,poisonous,poisonous
0.5275244,0.7609407,0.7373527,1.0,1,1,1,poisonous,poisonous,poisonous
0.39599887,0.86117876,0.9997775,1.0,0,1,1,edible,poisonous,poisonous
0.57398444,0.8280863,0.984869,1.0,1,1,1,poisonous,poisonous,poisonous
0.7571036,0.7228589,0.9999882,1.0,1,1,1,poisonous,poisonous,poisonous
0.9109413,0.9331737,0.9989735,1.0,1,1,1,poisonous,poisonous,poisonous
0.98816663,0.96628565,0.99998325,1.0,1,1,1,poisonous,poisonous,poisonous
0.1347928,0.11341405,0.10890147,1.0,0,0,0,edible,edible,edible
0.51547503,0.6654443,0.9964011,1.0,1,1,1,poisonous,poisonous,poisonous
0.3140907,0.5509661,0.8999565,1.0,0,1,1,edible,poisonous,poisonous
0.86842436,0.9293357,0.9985089,1.0,1,1,1,poisonous,poisonous,poisonous
0.5458757,0.15290554,0.9444762,1.0,1,0,1,poisonous,edible,poisonous
0.30010116,0.79365927,0.9951542,1.0,0,1,1,edible,poisonous,poisonous
0.4316716,0.7616555,0.9939332,1.0,0,1,1,edible,poisonous,poisonous
0.87485623,0.75437975,0.9739976,1.0,1,1,1,poisonous,poisonous,poisonous
0.9715916,0.9894989,0.99982566,1.0,1,1,1,poisonous,poisonous,poisonous
0.5521638,0.69165605,0.99964464,1.0,1,1,1,poisonous,poisonous,poisonous
0.31221077,0.56503135,0.971349,1.0,0,1,1,edible,poisonous,poisonous
0.8622683,0.9190432,0.9982178,1.0,1,1,1,poisonous,poisonous,poisonous
0.85792905,0.6126653,0.9998178,1.0,1,1,1,poisonous,poisonous,poisonous
0.73634714,0.26072764,0.98557955,1.0,1,0,1,poisonous,edible,poisonous
0.5677114,0.568301,0.37592652,1.0,1,1,0,poisonous,poisonous,edible
0.6953094,0.77172714,0.9980491,1.0,1,1,1,poisonous,poisonous,poisonous
0.9408244,0.77391684,0.9998762,1.0,1,1,1,poisonous,poisonous,poisonous
0.84673446,0.84114057,0.9340715,1.0,1,1,1,poisonous,poisonous,poisonous
0.83177805,0.33435094,0.96400034,1.0,1,0,1,poisonous,edible,poisonous
0.64453083,0.78391683,0.9998943,1.0,1,1,1,poisonous,poisonous,poisonous
0.5593934,0.79446155,0.998803,1.0,1,1,1,poisonous,poisonous,poisonous
0.42629388,0.4175397,0.9706603,1.0,0,0,1,edible,edible,poisonous
0.49947178,0.13462111,0.010624755,1.0,0,0,0,edible,edible,edible
0.6868035,0.9428808,0.9848999,1.0,1,1,1,poisonous,poisonous,poisonous
0.8041457,0.81984466,0.9995388,1.0,1,1,1,poisonous,poisonous,poisonous
0.97401947,0.92596966,0.96743596,1.0,1,1,1,poisonous,poisonous,poisonous
0.94198895,0.9339868,0.9985498,1.0,1,1,1,poisonous,poisonous,poisonous
0.8810468,0.644801,0.9710251,1.0,1,1,1,poisonous,poisonous,poisonous
0.987249,0.82917005,0.98984015,1.0,1,1,1,poisonous,poisonous,poisonous
0.48309556,0.76431984,0.9238989,1.0,0,1,1,edible,poisonous,poisonous
0.461502,0.5063009,0.9978961,1.0,0,1,1,edible,poisonous,poisonous
0.7909743,0.8113605,0.9989391,1.0,1,1,1,poisonous,poisonous,poisonous
0.6873602,0.5208204,0.85273945,1.0,1,1,1,poisonous,poisonous,poisonous
0.7304877,0.50177306,0.25748017,1.0,1,1,0,poisonous,poisonous,edible
0.9134985,0.8101435,0.9925778,1.0,1,1,1,poisonous,poisonous,poisonous
0.6861202,0.5542513,0.94782066,1.0,1,1,1,poisonous,poisonous,poisonous
0.9876331,0.9663341,0.9884783,1.0,1,1,1,poisonous,poisonous,poisonous
0.84966695,0.9880147,0.99999976,1.0,1,1,1,poisonous,poisonous,poisonous
0.8299694,0.9997779,0.94234735,1.0,1,1,1,poisonous,poisonous,poisonous
0.43355462,0.9250053,0.9909104,1.0,0,1,1,edible,poisonous,poisonous
0.7157417,0.8255777,0.91020733,1.0,1,1,1,poisonous,poisonous,poisonous
0.8916974,0.88827527,0.99804753,1.0,1,1,1,poisonous,poisonous,poisonous
0.9463974,0.9970457,0.9999984,1.0,1,1,1,poisonous,poisonous,poisonous
0.92734265,0.9781276,0.99999386,1.0,1,1,1,poisonous,poisonous,poisonous
0.9943584,0.99529356,0.999419,1.0,1,1,1,poisonous,poisonous,poisonous
0.58731693,0.5329175,0.9964903,1.0,1,1,1,poisonous,poisonous,poisonous
0.59443253,0.9586381,0.9999981,1.0,1,1,1,poisonous,poisonous,poisonous
0.77992404,0.95898926,0.9999551,1.0,1,1,1,poisonous,poisonous,poisonous
0.95879024,0.9895575,0.9832906,1.0,1,1,1,poisonous,poisonous,poisonous
0.93545693,0.9506645,0.94324225,1.0,1,1,1,poisonous,poisonous,poisonous
0.6990482,0.75850505,0.9977562,1.0,1,1,1,poisonous,poisonous,poisonous
0.5103271,0.895458,0.982095,1.0,1,1,1,poisonous,poisonous,poisonous
0.9623511,0.9992403,0.99998796,1.0,1,1,1,poisonous,poisonous,poisonous
0.61995345,0.48731354,0.830395,1.0,1,0,1,poisonous,edible,poisonous
0.61298627,0.9101403,0.96669626,1.0,1,1,1,poisonous,poisonous,poisonous
0.99640566,0.9882255,0.99943876,1.0,1,1,1,poisonous,poisonous,poisonous
0.8634755,0.96388304,0.9999867,1.0,1,1,1,poisonous,poisonous,poisonous
0.9538566,0.99761504,0.9999989,1.0,1,1,1,poisonous,poisonous,poisonous
0.61727196,0.85965514,0.99908966,1.0,1,1,1,poisonous,poisonous,poisonous
0.81856936,0.99935704,0.99995553,1.0,1,1,1,poisonous,poisonous,poisonous
0.9979422,0.99900925,0.99997276,1.0,1,1,1,poisonous,poisonous,poisonous
0.67116797,0.9677866,0.999994,1.0,1,1,1,poisonous,poisonous,poisonous
0.46686825,0.9436306,0.99795395,1.0,0,1,1,edible,poisonous,poisonous
0.25063047,0.09055926,0.94185895,1.0,0,0,1,edible,edible,poisonous
0.4825632,0.5426222,0.9996845,1.0,0,1,1,edible,poisonous,poisonous
0.8845211,0.86094844,0.99734193,1.0,1,1,1,poisonous,poisonous,poisonous
0.86802864,0.99928343,0.9999905,1.0,1,1,1,poisonous,poisonous,poisonous
0.8755175,0.87964725,0.984491,1.0,1,1,1,poisonous,poisonous,poisonous
0.72454065,0.9394993,0.9972641,1.0,1,1,1,poisonous,poisonous,poisonous
0.6201072,0.8515679,0.9981098,1.0,1,1,1,poisonous,poisonous,poisonous
0.4156328,0.70035726,0.9978152,1.0,0,1,1,edible,poisonous,poisonous
0.41975677,0.95434904,0.00042008146,1.0,0,1,0,edible,poisonous,edible
0.8618277,0.9758651,0.9999942,1.0,1,1,1,poisonous,poisonous,poisonous
0.3915056,0.2301921,0.9962322,1.0,0,0,1,edible,edible,poisonous
0.6096916,0.9577166,0.9971751,1.0,1,1,1,poisonous,poisonous,poisonous
0.73707134,0.97912,0.9975185,1.0,1,1,1,poisonous,poisonous,poisonous
0.8980622,0.8255211,0.99679166,1.0,1,1,1,poisonous,poisonous,poisonous
0.52480394,0.5014492,0.99989396,1.0,1,1,1,poisonous,poisonous,poisonous
0.8690574,0.93141073,0.9983497,1.0,1,1,1,poisonous,poisonous,poisonous
0.6965919,0.6543008,0.98833424,1.0,1,1,1,poisonous,poisonous,poisonous
0.4007362,0.5607844,0.8600902,1.0,0,1,1,edible,poisonous,poisonous
0.9192709,0.8005692,0.9936586,1.0,1,1,1,poisonous,poisonous,poisonous
0.90209174,0.97392654,0.99277353,1.0,1,1,1,poisonous,poisonous,poisonous
0.6618822,0.7207367,0.9994747,1.0,1,1,1,poisonous,poisonous,poisonous
0.719812,0.78197986,0.99906963,1.0,1,1,1,poisonous,poisonous,poisonous
0.5165276,0.89828205,0.9996087,1.0,1,1,1,poisonous,poisonous,poisonous
0.6547997,0.93631583,0.99256,1.0,1,1,1,poisonous,poisonous,poisonous
0.69644856,0.8265432,0.9999686,1.0,1,1,1,poisonous,poisonous,poisonous
0.745315,0.74315697,0.98316306,1.0,1,1,1,poisonous,poisonous,poisonous
0.7113375,0.7915162,0.9987968,1.0,1,1,1,poisonous,poisonous,poisonous
0.785935,0.9306392,0.99957913,1.0,1,1,1,poisonous,poisonous,poisonous
0.28249094,0.89855975,0.999825,1.0,0,1,1,edible,poisonous,poisonous
0.5124714,0.7769125,0.99384284,1.0,1,1,1,poisonous,poisonous,poisonous
0.6381232,0.20415613,0.9905808,1.0,1,0,1,poisonous,edible,poisonous
0.69565046,0.16498668,0.926569,1.0,1,0,1,poisonous,edible,poisonous
0.77039796,0.93510884,0.99897206,1.0,1,1,1,poisonous,poisonous,poisonous
0.65667874,0.65367836,0.95499575,1.0,1,1,1,poisonous,poisonous,poisonous
0.5317305,0.48851827,0.9977105,1.0,1,0,1,poisonous,edible,poisonous
0.9151695,0.8345075,0.9994097,1.0,1,1,1,poisonous,poisonous,poisonous
0.21454878,0.8573654,0.9995453,1.0,0,1,1,edible,poisonous,poisonous
0.56505334,0.67317003,0.990601,1.0,1,1,1,poisonous,poisonous,poisonous
0.8828879,0.8415507,0.9730406,1.0,1,1,1,poisonous,poisonous,poisonous
0.85971844,0.26541126,0.9941377,1.0,1,0,1,poisonous,edible,poisonous
0.5488892,0.852678,0.998459,1.0,1,1,1,poisonous,poisonous,poisonous
0.93489903,0.9772854,0.9998192,1.0,1,1,1,poisonous,poisonous,poisonous
0.56685895,0.5823984,0.84787893,1.0,1,1,1,poisonous,poisonous,poisonous
0.84037274,0.9486062,0.999954,1.0,1,1,1,poisonous,poisonous,poisonous
0.27706817,0.23905118,0.42435572,1.0,0,0,0,edible,edible,edible
0.5039437,0.49926645,0.49702764,1.0,1,0,0,poisonous,edible,edible
0.43308666,0.41315904,0.98719937,1.0,0,0,1,edible,edible,poisonous
0.6713224,0.8621045,0.9938392,1.0,1,1,1,poisonous,poisonous,poisonous
0.63417697,0.8610542,0.9943114,1.0,1,1,1,poisonous,poisonous,poisonous
0.5218456,0.7245194,0.99413794,1.0,1,1,1,poisonous,poisonous,poisonous
0.23299766,0.14032346,0.3905228,1.0,0,0,0,edible,edible,edible
0.43457672,0.513751,0.93746054,1.0,0,1,1,edible,poisonous,poisonous
0.5594708,0.6325844,0.8939509,1.0,1,1,1,poisonous,poisonous,poisonous
0.27834067,0.80429995,0.9727817,1.0,0,1,1,edible,poisonous,poisonous
0.39199764,0.21496,0.88129103,1.0,0,0,1,edible,edible,poisonous
0.63069695,0.8856245,0.9930301,1.0,1,1,1,poisonous,poisonous,poisonous
0.729752,0.9158094,0.99679446,1.0,1,1,1,poisonous,poisonous,poisonous
0.6603481,0.8543709,0.98664004,1.0,1,1,1,poisonous,poisonous,poisonous
0.44943047,0.31708166,0.10230764,1.0,0,0,0,edible,edible,edible
0.69894296,0.661666,0.92001903,1.0,1,1,1,poisonous,poisonous,poisonous
0.30870122,0.87679607,0.8044361,1.0,0,1,1,edible,poisonous,poisonous
0.25736377,0.14871763,0.94731385,1.0,0,0,1,edible,edible,poisonous
0.4756099,0.90409654,0.97058594,1.0,0,1,1,edible,poisonous,poisonous
0.6569696,0.71177626,0.99258757,1.0,1,1,1,poisonous,poisonous,poisonous
0.8176044,0.8575052,0.9723063,1.0,1,1,1,poisonous,poisonous,poisonous
0.35518727,0.91060704,0.83931136,1.0,0,1,1,edible,poisonous,poisonous
0.6889233,0.39226228,0.98998326,1.0,1,0,1,poisonous,edible,poisonous
0.85845053,0.8482134,0.99990225,1.0,1,1,1,poisonous,poisonous,poisonous
0.8049263,0.37122056,0.9447104,1.0,1,0,1,poisonous,edible,poisonous
0.76700014,0.9792425,0.97780627,1.0,1,1,1,poisonous,poisonous,poisonous
0.4916458,0.86348623,0.9554834,1.0,0,1,1,edible,poisonous,poisonous
0.20328745,0.28632835,0.95346415,1.0,0,0,1,edible,edible,poisonous
0.46756768,0.5113805,0.9449891,1.0,0,1,1,edible,poisonous,poisonous
0.65853083,0.9298134,0.9978859,1.0,1,1,1,poisonous,poisonous,poisonous
0.3891352,0.8527013,0.99593645,1.0,0,1,1,edible,poisonous,poisonous
0.50190145,0.8101419,0.50409985,1.0,1,1,1,poisonous,poisonous,poisonous
0.3185694,0.72590154,0.9999839,1.0,0,1,1,edible,poisonous,poisonous
0.49473304,0.35864863,0.6200154,1.0,0,0,1,edible,edible,poisonous
0.44077438,0.7758256,0.9999018,1.0,0,1,1,edible,poisonous,poisonous
0.79442763,0.8472349,0.9983062,1.0,1,1,1,poisonous,poisonous,poisonous
0.67397565,0.5490268,0.9953593,1.0,1,1,1,poisonous,poisonous,poisonous
0.50620484,0.4169364,0.9846306,1.0,1,0,1,poisonous,edible,poisonous
0.51573724,0.7500718,0.9951226,1.0,1,1,1,poisonous,poisonous,poisonous
0.6283077,0.5185155,0.8599397,1.0,1,1,1,poisonous,poisonous,poisonous
0.52684253,0.40570706,0.99894255,1.0,1,0,1,poisonous,edible,poisonous
0.39057645,0.7945578,0.9625067,1.0,0,1,1,edible,poisonous,poisonous
0.41771314,0.57631713,0.99624556,1.0,0,1,1,edible,poisonous,poisonous
0.7899384,0.8866057,0.9999534,1.0,1,1,1,poisonous,poisonous,poisonous
0.45971632,0.7465665,0.104067035,1.0,0,1,0,edible,poisonous,edible
0.4920244,0.69039744,0.9949772,1.0,0,1,1,edible,poisonous,poisonous
0.48026213,0.7500551,0.97667587,1.0,0,1,1,edible,poisonous,poisonous
0.38174242,0.35792026,0.99182427,1.0,0,0,1,edible,edible,poisonous
0.52476156,0.81379443,0.99992454,1.0,1,1,1,poisonous,poisonous,poisonous
0.55465066,0.6191221,0.9417955,1.0,1,1,1,poisonous,poisonous,poisonous
0.5919893,0.9679869,0.14873901,1.0,1,1,0,poisonous,poisonous,edible
0.8628831,0.84027815,0.97027254,1.0,1,1,1,poisonous,poisonous,poisonous
0.43457672,0.513751,0.93746054,1.0,0,1,1,edible,poisonous,poisonous
0.40403894,0.7731529,0.9645334,1.0,0,1,1,edible,poisonous,poisonous
0.12903167,0.54914653,0.73575336,1.0,0,1,1,edible,poisonous,poisonous
0.92375416,0.97976196,0.9990124,1.0,1,1,1,poisonous,poisonous,poisonous
0.37071213,0.31523487,0.9385251,1.0,0,0,1,edible,edible,poisonous
0.86733824,0.8112285,0.99163353,1.0,1,1,1,poisonous,poisonous,poisonous
0.62699306,0.18612921,0.9697127,1.0,1,0,1,poisonous,edible,poisonous
0.469687,0.2180255,0.71955866,1.0,0,0,1,edible,edible,poisonous
0.13703743,0.772842,0.9974561,1.0,0,1,1,edible,poisonous,poisonous
0.5297532,0.837724,0.9789273,1.0,1,1,1,poisonous,poisonous,poisonous
0.84037274,0.9486062,0.999954,1.0,1,1,1,poisonous,poisonous,poisonous
0.9065343,0.96087915,0.99920166,1.0,1,1,1,poisonous,poisonous,poisonous
0.65853083,0.9298134,0.9978859,1.0,1,1,1,poisonous,poisonous,poisonous
0.3720803,0.61052066,0.98164576,1.0,0,1,1,edible,poisonous,poisonous
0.41550794,0.2963696,0.7494367,1.0,0,0,1,edible,edible,poisonous
0.48370817,0.54213643,0.9712529,1.0,0,1,1,edible,poisonous,poisonous
0.24719584,0.13107984,0.9009021,1.0,0,0,1,edible,edible,poisonous
0.4202134,0.6027773,0.997177,1.0,0,1,1,edible,poisonous,poisonous
0.47504842,0.25828797,0.97953844,1.0,0,0,1,edible,edible,poisonous
0.4093805,0.37225246,0.99917305,1.0,0,0,1,edible,edible,poisonous
0.444344,0.5560957,0.8668226,1.0,0,1,1,edible,poisonous,poisonous
0.5218456,0.7245194,0.99413794,1.0,1,1,1,poisonous,poisonous,poisonous
0.7899384,0.8866057,0.9999534,1.0,1,1,1,poisonous,poisonous,poisonous
0.3065295,0.64274216,0.07338022,1.0,0,1,0,edible,poisonous,edible
0.48050523,0.53081584,0.53713495,1.0,0,1,1,edible,poisonous,poisonous
0.56076986,0.79195386,0.99222404,1.0,1,1,1,poisonous,poisonous,poisonous
0.37082693,0.515483,0.8618267,1.0,0,1,1,edible,poisonous,poisonous
0.6114994,0.73963386,0.6158931,1.0,1,1,1,poisonous,poisonous,poisonous
0.36273262,0.12760337,0.18637611,1.0,0,0,0,edible,edible,edible
0.4240142,0.67918694,0.3423643,1.0,0,1,0,edible,poisonous,edible
0.2539249,0.6622074,0.9979855,1.0,0,1,1,edible,poisonous,poisonous
0.6157742,0.5467288,0.91507244,1.0,1,1,1,poisonous,poisonous,poisonous
0.71802396,0.9641723,0.99942607,1.0,1,1,1,poisonous,poisonous,poisonous
0.4805373,0.6190793,0.99275464,1.0,0,1,1,edible,poisonous,poisonous
0.7461461,0.8834618,0.99940467,1.0,1,1,1,poisonous,poisonous,poisonous
0.27175027,0.430553,0.99666256,1.0,0,0,1,edible,edible,poisonous
0.49363142,0.52862597,0.9940733,1.0,0,1,1,edible,poisonous,poisonous
0.43094307,0.38310927,0.96543616,1.0,0,0,1,edible,edible,poisonous
0.7595662,0.6926622,0.9565286,1.0,1,1,1,poisonous,poisonous,poisonous
0.47134975,0.81285286,0.9988763,1.0,0,1,1,edible,poisonous,poisonous
0.5814136,0.73882204,0.99428636,1.0,1,1,1,poisonous,poisonous,poisonous
0.47703558,0.76409286,0.9992845,1.0,0,1,1,edible,poisonous,poisonous
0.27769276,0.42390975,0.07302418,1.0,0,0,0,edible,edible,edible
0.91478944,0.7458302,0.99985737,1.0,1,1,1,poisonous,poisonous,poisonous
0.65853083,0.9298134,0.9978859,1.0,1,1,1,poisonous,poisonous,poisonous
0.58594286,0.6427744,0.98069733,1.0,1,1,1,poisonous,poisonous,poisonous
0.18972553,0.067994304,0.014004612,1.0,0,0,0,edible,edible,edible
0.80870247,0.95207113,0.99995846,1.0,1,1,1,poisonous,poisonous,poisonous
0.43518415,0.7992016,0.9949786,1.0,0,1,1,edible,poisonous,poisonous
0.55708915,0.8815447,0.98889714,1.0,1,1,1,poisonous,poisonous,poisonous
0.35466036,0.67401564,0.98533976,1.0,0,1,1,edible,poisonous,poisonous
0.8076062,0.93078893,0.99996203,1.0,1,1,1,poisonous,poisonous,poisonous
0.45700288,0.9342139,0.9995688,1.0,0,1,1,edible,poisonous,poisonous
0.77963704,0.69676095,0.9940834,1.0,1,1,1,poisonous,poisonous,poisonous
0.78067374,0.8643576,0.98729575,1.0,1,1,1,poisonous,poisonous,poisonous
0.62804985,0.8220333,0.9995948,1.0,1,1,1,poisonous,poisonous,poisonous
0.63774747,0.93473136,0.99958366,1.0,1,1,1,poisonous,poisonous,poisonous
0.55878216,0.92859113,0.9813412,1.0,1,1,1,poisonous,poisonous,poisonous
0.65276515,0.87605983,0.99958885,1.0,1,1,1,poisonous,poisonous,poisonous
0.60625786,0.42914376,0.96625733,1.0,1,0,1,poisonous,edible,poisonous
0.93652034,0.6565299,0.99951607,1.0,1,1,1,poisonous,poisonous,poisonous
0.61216503,0.92208433,0.9842493,1.0,1,1,1,poisonous,poisonous,poisonous
0.41611552,0.37736252,0.9947288,1.0,0,0,1,edible,edible,poisonous
0.85038877,0.97042465,0.9998494,1.0,1,1,1,poisonous,poisonous,poisonous
0.4876658,0.41805276,0.9847896,1.0,0,0,1,edible,edible,poisonous
0.44251072,0.7913127,0.99988395,1.0,0,1,1,edible,poisonous,poisonous
0.7990855,0.51513803,0.96802354,1.0,1,1,1,poisonous,poisonous,poisonous
0.7838431,0.88289726,0.9996561,1.0,1,1,1,poisonous,poisonous,poisonous
0.780891,0.97959733,0.99995315,1.0,1,1,1,poisonous,poisonous,poisonous
0.62618077,0.51260394,0.97674114,1.0,1,1,1,poisonous,poisonous,poisonous
0.6804559,0.90924317,0.9990014,1.0,1,1,1,poisonous,poisonous,poisonous
0.4600501,0.9393924,0.99950457,1.0,0,1,1,edible,poisonous,poisonous
0.39125454,0.66806585,0.9951415,1.0,0,1,1,edible,poisonous,poisonous
0.49768722,0.94134665,0.99281293,1.0,0,1,1,edible,poisonous,poisonous
0.49530777,0.547058,0.9999041,1.0,0,1,1,edible,poisonous,poisonous
0.38581303,0.7414947,0.99890774,1.0,0,1,1,edible,poisonous,poisonous
0.25276104,0.61537075,0.99317074,1.0,0,1,1,edible,poisonous,poisonous
0.30344734,0.25089082,0.7837527,1.0,0,0,1,edible,edible,poisonous
0.45752838,0.32738653,0.7689403,1.0,0,0,1,edible,edible,poisonous
0.8615625,0.96235,0.9999508,1.0,1,1,1,poisonous,poisonous,poisonous
0.8115171,0.64197206,0.9988089,1.0,1,1,1,poisonous,poisonous,poisonous
0.43518415,0.7992016,0.9949786,1.0,0,1,1,edible,poisonous,poisonous
0.8325994,0.42655706,0.9990411,1.0,1,0,1,poisonous,edible,poisonous
0.68221474,0.7790324,0.99765223,1.0,1,1,1,poisonous,poisonous,poisonous
0.7004277,0.8363182,0.99649125,1.0,1,1,1,poisonous,poisonous,poisonous
0.8194492,0.53152025,0.9927121,1.0,1,1,1,poisonous,poisonous,poisonous
0.9093914,0.7826815,0.9961202,1.0,1,1,1,poisonous,poisonous,poisonous
0.5523741,0.25222093,0.999593,1.0,1,0,1,poisonous,edible,poisonous
0.8962084,0.7158255,0.99899524,1.0,1,1,1,poisonous,poisonous,poisonous
0.69251955,0.90729433,0.9941291,1.0,1,1,1,poisonous,poisonous,poisonous
0.7950366,0.7576648,0.99985236,1.0,1,1,1,poisonous,poisonous,poisonous
0.8425721,0.53403616,0.9941167,1.0,1,1,1,poisonous,poisonous,poisonous
0.83749217,0.8584608,0.99999905,1.0,1,1,1,poisonous,poisonous,poisonous
0.8114762,0.83507216,0.9986943,1.0,1,1,1,poisonous,poisonous,poisonous
0.612008,0.77338797,0.9975934,1.0,1,1,1,poisonous,poisonous,poisonous
0.9411012,0.9140157,0.99921834,1.0,1,1,1,poisonous,poisonous,poisonous
0.8637946,0.886856,0.9997725,1.0,1,1,1,poisonous,poisonous,poisonous
0.90636116,0.6943325,0.9999404,1.0,1,1,1,poisonous,poisonous,poisonous
0.8039307,0.9086204,0.9542512,1.0,1,1,1,poisonous,poisonous,poisonous
0.6392541,0.8041466,0.9992506,1.0,1,1,1,poisonous,poisonous,poisonous
0.21578087,0.6487435,0.9985859,1.0,0,1,1,edible,poisonous,poisonous
0.5699775,0.5479435,0.99486905,1.0,1,1,1,poisonous,poisonous,poisonous
0.46744123,0.77894694,0.5787408,1.0,0,1,1,edible,poisonous,poisonous
0.43012965,0.5173898,0.99726033,1.0,0,1,1,edible,poisonous,poisonous
0.7537586,0.76701516,0.97996026,1.0,1,1,1,poisonous,poisonous,poisonous
0.874275,0.9017532,0.99988943,1.0,1,1,1,poisonous,poisonous,poisonous
0.75160086,0.76117593,0.99899715,1.0,1,1,1,poisonous,poisonous,poisonous
0.103862174,0.28555182,0.99509466,1.0,0,0,1,edible,edible,poisonous
0.7076298,0.742641,0.99973506,1.0,1,1,1,poisonous,poisonous,poisonous
0.26354325,0.3368609,0.99845433,1.0,0,0,1,edible,edible,poisonous
0.5041693,0.51553285,0.993657,1.0,1,1,1,poisonous,poisonous,poisonous
0.3351509,0.62656176,0.9988157,1.0,0,1,1,edible,poisonous,poisonous
0.7398938,0.9192041,0.9999954,1.0,1,1,1,poisonous,poisonous,poisonous
0.5937603,0.91265017,0.99804187,1.0,1,1,1,poisonous,poisonous,poisonous
0.64846337,0.97202814,0.9981897,1.0,1,1,1,poisonous,poisonous,poisonous
0.3572254,0.5334383,0.9674024,1.0,0,1,1,edible,poisonous,poisonous
0.7756716,0.49178252,0.9999209,1.0,1,0,1,poisonous,edible,poisonous
0.37409577,0.73144037,0.9991673,1.0,0,1,1,edible,poisonous,poisonous
0.94246286,0.74969923,0.99984556,1.0,1,1,1,poisonous,poisonous,poisonous
0.7176541,0.8879818,0.99946964,1.0,1,1,1,poisonous,poisonous,poisonous
0.65569973,0.34200126,0.7877753,1.0,1,0,1,poisonous,edible,poisonous
0.84189934,0.98167086,0.9982969,1.0,1,1,1,poisonous,poisonous,poisonous
0.6871958,0.7255759,0.9864086,1.0,1,1,1,poisonous,poisonous,poisonous
0.43485454,0.65362644,0.9985376,1.0,0,1,1,edible,poisonous,poisonous
0.66987634,0.74676746,0.99949664,1.0,1,1,1,poisonous,poisonous,poisonous
0.30516097,0.37683892,0.5875239,1.0,0,0,1,edible,edible,poisonous
0.81676024,0.6523601,0.99996114,1.0,1,1,1,poisonous,poisonous,poisonous
0.58177423,0.63305736,0.99706656,1.0,1,1,1,poisonous,poisonous,poisonous
0.80781335,0.38739884,0.9990849,1.0,1,0,1,poisonous,edible,poisonous
0.8013674,0.88843673,0.9991768,1.0,1,1,1,poisonous,poisonous,poisonous
0.71341985,0.9038983,0.99906486,1.0,1,1,1,poisonous,poisonous,poisonous
0.43790004,0.2509171,0.96384424,1.0,0,0,1,edible,edible,poisonous
0.65795803,0.71231794,0.99874336,1.0,1,1,1,poisonous,poisonous,poisonous
0.9089874,0.898743,0.99987626,1.0,1,1,1,poisonous,poisonous,poisonous
0.47986865,0.4913709,0.99995494,1.0,0,0,1,edible,edible,poisonous
0.6804559,0.90924317,0.9990014,1.0,1,1,1,poisonous,poisonous,poisonous
0.598949,0.4852291,0.824499,1.0,1,0,1,poisonous,edible,poisonous
0.8731122,0.88787985,0.99990165,1.0,1,1,1,poisonous,poisonous,poisonous
0.25904697,0.780809,0.9988757,1.0,0,1,1,edible,poisonous,poisonous
0.83948433,0.62877303,0.9997422,1.0,1,1,1,poisonous,poisonous,poisonous
0.6537278,0.543433,0.9687801,1.0,1,1,1,poisonous,poisonous,poisonous
0.6420714,0.8743209,0.99851054,1.0,1,1,1,poisonous,poisonous,poisonous
0.34734255,0.8286516,0.9927277,1.0,0,1,1,edible,poisonous,poisonous
0.8342962,0.5800977,0.990422,1.0,1,1,1,poisonous,poisonous,poisonous
0.80449975,0.47949743,0.9433836,1.0,1,0,1,poisonous,edible,poisonous
0.4417852,0.30998796,0.67791474,1.0,0,0,1,edible,edible,poisonous
0.8303623,0.9408356,0.9924759,1.0,1,1,1,poisonous,poisonous,poisonous
0.33475366,0.9666796,0.99743503,1.0,0,1,1,edible,poisonous,poisonous
0.79432756,0.908421,0.99995,1.0,1,1,1,poisonous,poisonous,poisonous
0.7928862,0.9878981,0.9997509,1.0,1,1,1,poisonous,poisonous,poisonous
0.62869996,0.6687867,0.99974424,1.0,1,1,1,poisonous,poisonous,poisonous
0.45700288,0.9342139,0.9995688,1.0,0,1,1,edible,poisonous,poisonous
0.89201444,0.9070827,0.99964094,1.0,1,1,1,poisonous,poisonous,poisonous
0.29179272,0.24179111,0.9692901,1.0,0,0,1,edible,edible,poisonous
0.61325,0.9472223,0.99855965,1.0,1,1,1,poisonous,poisonous,poisonous
0.70178425,0.99268645,0.99999166,1.0,1,1,1,poisonous,poisonous,poisonous
0.7892136,0.8313309,0.99787,1.0,1,1,1,poisonous,poisonous,poisonous
0.48970804,0.9719435,0.99783576,1.0,0,1,1,edible,poisonous,poisonous
0.6366602,0.2863407,0.99443966,1.0,1,0,1,poisonous,edible,poisonous
0.6207545,0.9092794,0.99932986,1.0,1,1,1,poisonous,poisonous,poisonous
0.63988686,0.8493469,0.9998507,1.0,1,1,1,poisonous,poisonous,poisonous
0.49048015,0.7230404,0.97973037,1.0,0,1,1,edible,poisonous,poisonous
0.8785159,0.9479001,0.99965197,1.0,1,1,1,poisonous,poisonous,poisonous
0.5746721,0.9183638,0.9992909,1.0,1,1,1,poisonous,poisonous,poisonous
0.7787332,0.94208455,0.99999535,1.0,1,1,1,poisonous,poisonous,poisonous
0.7537679,0.9862841,0.99999666,1.0,1,1,1,poisonous,poisonous,poisonous
0.8950734,0.9821604,0.997061,1.0,1,1,1,poisonous,poisonous,poisonous
0.8131469,0.70147204,0.99964625,1.0,1,1,1,poisonous,poisonous,poisonous
0.7374551,0.8791976,0.99998146,1.0,1,1,1,poisonous,poisonous,poisonous
0.80443996,0.7483086,0.9996839,1.0,1,1,1,poisonous,poisonous,poisonous
0.47213855,0.985668,0.9988455,1.0,0,1,1,edible,poisonous,poisonous
0.34470958,0.8417564,0.9946287,1.0,0,1,1,edible,poisonous,poisonous
0.58895487,0.40740812,0.9895107,1.0,1,0,1,poisonous,edible,poisonous
0.81312484,0.9869249,0.99925244,1.0,1,1,1,poisonous,poisonous,poisonous
0.48476407,0.72777396,0.9786273,1.0,0,1,1,edible,poisonous,poisonous
0.5760724,0.5861956,0.99733704,1.0,1,1,1,poisonous,poisonous,poisonous
0.4094586,0.328834,0.99906754,1.0,0,0,1,edible,edible,poisonous
0.32924548,0.8518876,0.13742007,1.0,0,1,0,edible,poisonous,edible
0.2515989,0.7714782,0.9685783,1.0,0,1,1,edible,poisonous,poisonous
0.74250734,0.6688186,0.9982475,1.0,1,1,1,poisonous,poisonous,poisonous
0.8326355,0.9047549,0.99935013,1.0,1,1,1,poisonous,poisonous,poisonous
0.81809235,0.8799307,0.99516153,1.0,1,1,1,poisonous,poisonous,poisonous
0.5794368,0.5705716,0.99874717,1.0,1,1,1,poisonous,poisonous,poisonous
0.67374206,0.9796763,0.99999136,1.0,1,1,1,poisonous,poisonous,poisonous
0.8249325,0.9477275,0.9999781,1.0,1,1,1,poisonous,poisonous,poisonous
0.9749814,0.9906651,0.99988717,1.0,1,1,1,poisonous,poisonous,poisonous
0.76849717,0.82043916,0.8820707,1.0,1,1,1,poisonous,poisonous,poisonous
0.71755564,0.7189219,0.9964078,1.0,1,1,1,poisonous,poisonous,poisonous
0.71201104,0.9888822,0.9999873,1.0,1,1,1,poisonous,poisonous,poisonous
0.7240083,0.988965,0.9978661,1.0,1,1,1,poisonous,poisonous,poisonous
0.5149752,0.5417119,0.99992,1.0,1,1,1,poisonous,poisonous,poisonous
0.7011162,0.6362939,0.99997026,1.0,1,1,1,poisonous,poisonous,poisonous
0.9635357,0.7255378,0.99965286,1.0,1,1,1,poisonous,poisonous,poisonous
0.6138954,0.65777624,0.99428356,1.0,1,1,1,poisonous,poisonous,poisonous
0.8827202,0.5015514,0.99996144,1.0,1,1,1,poisonous,poisonous,poisonous
0.8287434,0.8862605,0.86625576,1.0,1,1,1,poisonous,poisonous,poisonous
0.84779453,0.6733904,0.94202685,1.0,1,1,1,poisonous,poisonous,poisonous
0.6386904,0.76047736,0.9997182,1.0,1,1,1,poisonous,poisonous,poisonous
0.9665722,0.79553956,0.9991154,1.0,1,1,1,poisonous,poisonous,poisonous
0.8039869,0.4808866,0.99318916,1.0,1,0,1,poisonous,edible,poisonous
0.74838287,0.8504688,0.99894136,1.0,1,1,1,poisonous,poisonous,poisonous
0.8876233,0.8696366,0.9988894,1.0,1,1,1,poisonous,poisonous,poisonous
0.83130115,0.8044369,0.99979264,1.0,1,1,1,poisonous,poisonous,poisonous
0.8122282,0.8893141,0.99961144,1.0,1,1,1,poisonous,poisonous,poisonous
0.7478255,0.9036603,0.99739367,1.0,1,1,1,poisonous,poisonous,poisonous
0.7096208,0.34633115,0.9999019,1.0,1,0,1,poisonous,edible,poisonous
0.16841634,0.21929199,0.9887103,1.0,0,0,1,edible,edible,poisonous
0.7057493,0.8531132,0.9795156,1.0,1,1,1,poisonous,poisonous,poisonous
0.80517226,0.8103503,0.99951494,1.0,1,1,1,poisonous,poisonous,poisonous
0.3877201,0.8166245,0.98308706,1.0,0,1,1,edible,poisonous,poisonous
0.88499683,0.83937496,0.9998348,1.0,1,1,1,poisonous,poisonous,poisonous
0.9664526,0.91408634,0.97403234,1.0,1,1,1,poisonous,poisonous,poisonous
0.8789261,0.459796,0.9999814,1.0,1,0,1,poisonous,edible,poisonous
0.34590018,0.48117465,0.33124575,1.0,0,0,0,edible,edible,edible
0.95624053,0.8885312,0.99889576,1.0,1,1,1,poisonous,poisonous,poisonous
0.7497858,0.86611396,0.9912889,1.0,1,1,1,poisonous,poisonous,poisonous
0.57995003,0.73231775,0.9226317,1.0,1,1,1,poisonous,poisonous,poisonous
0.5743633,0.4534023,0.97411305,1.0,1,0,1,poisonous,edible,poisonous
0.77668643,0.9351223,0.99943286,1.0,1,1,1,poisonous,poisonous,poisonous
0.7150133,0.26189137,0.9815456,1.0,1,0,1,poisonous,edible,poisonous
0.7067644,0.5684374,0.99779284,1.0,1,1,1,poisonous,poisonous,poisonous
0.98885906,0.8784293,0.9995001,1.0,1,1,1,poisonous,poisonous,poisonous
0.50272965,0.62141913,0.9980134,1.0,1,1,1,poisonous,poisonous,poisonous
0.79670453,0.52294457,0.99912685,1.0,1,1,1,poisonous,poisonous,poisonous
0.5211159,0.34364566,0.009034512,1.0,1,0,0,poisonous,edible,edible
0.80443996,0.7483086,0.9996839,1.0,1,1,1,poisonous,poisonous,poisonous
0.40194878,0.35460243,0.99199045,1.0,0,0,1,edible,edible,poisonous
0.72465664,0.55754805,0.9994939,1.0,1,1,1,poisonous,poisonous,poisonous
0.5159354,0.97583294,0.9969349,1.0,1,1,1,poisonous,poisonous,poisonous
0.1907992,0.36586714,0.982563,1.0,0,0,1,edible,edible,poisonous
0.6919715,0.8663326,0.9588304,1.0,1,1,1,poisonous,poisonous,poisonous
0.8950734,0.9821604,0.997061,1.0,1,1,1,poisonous,poisonous,poisonous
0.9774747,0.8651795,0.9991116,1.0,1,1,1,poisonous,poisonous,poisonous
0.77566063,0.88144153,0.9999942,1.0,1,1,1,poisonous,poisonous,poisonous
0.46951786,0.5358846,0.9922974,1.0,0,1,1,edible,poisonous,poisonous
0.99130386,0.9887647,0.99964416,1.0,1,1,1,poisonous,poisonous,poisonous
0.47212684,0.49791116,0.99214613,1.0,0,0,1,edible,edible,poisonous
0.45572716,0.20538737,0.99652976,1.0,0,0,1,edible,edible,poisonous
0.7914609,0.966275,0.99945813,1.0,1,1,1,poisonous,poisonous,poisonous
0.84524786,0.9866909,0.9998285,1.0,1,1,1,poisonous,poisonous,poisonous
0.6063971,0.84839666,0.99450445,1.0,1,1,1,poisonous,poisonous,poisonous
0.6733835,0.80895936,0.9975016,1.0,1,1,1,poisonous,poisonous,poisonous
0.53349364,0.54139894,0.9811992,1.0,1,1,1,poisonous,poisonous,poisonous
0.3969991,0.60662633,0.9953557,1.0,0,1,1,edible,poisonous,poisonous
0.6460029,0.76751494,0.9986192,1.0,1,1,1,poisonous,poisonous,poisonous
0.53965336,0.88456863,0.9988679,1.0,1,1,1,poisonous,poisonous,poisonous
0.57998836,0.6513979,0.997445,1.0,1,1,1,poisonous,poisonous,poisonous
0.60171413,0.6013339,0.9993444,1.0,1,1,1,poisonous,poisonous,poisonous
0.9462317,0.8756334,0.9929908,1.0,1,1,1,poisonous,poisonous,poisonous
0.28994006,0.2663584,0.1848977,1.0,0,0,0,edible,edible,edible
0.70178425,0.99268645,0.99999166,1.0,1,1,1,poisonous,poisonous,poisonous
0.35146493,0.60579395,0.96365875,1.0,0,1,1,edible,poisonous,poisonous
0.23528302,0.51995945,0.9980921,1.0,0,1,1,edible,poisonous,poisonous
0.6045109,0.64334005,0.9334234,1.0,1,1,1,poisonous,poisonous,poisonous
0.38016737,0.37417385,0.33634362,1.0,0,0,0,edible,edible,edible
0.8837929,0.87243515,0.99926555,1.0,1,1,1,poisonous,poisonous,poisonous
0.5141952,0.582711,0.9803386,1.0,1,1,1,poisonous,poisonous,poisonous
0.7683873,0.7107057,0.99715495,1.0,1,1,1,poisonous,poisonous,poisonous
0.44985393,0.86499506,0.9905416,1.0,0,1,1,edible,poisonous,poisonous
0.22389531,0.38937715,0.99713933,1.0,0,0,1,edible,edible,poisonous
0.45584565,0.23542254,0.9911661,1.0,0,0,1,edible,edible,poisonous
0.5702245,0.21476254,0.22534591,1.0,1,0,0,poisonous,edible,edible
0.22844285,0.749854,0.9804615,1.0,0,1,1,edible,poisonous,poisonous
0.53381294,0.776168,0.9951859,1.0,1,1,1,poisonous,poisonous,poisonous
0.83012843,0.7811262,0.9865801,1.0,1,1,1,poisonous,poisonous,poisonous
0.9276192,0.6495955,0.9995344,1.0,1,1,1,poisonous,poisonous,poisonous
0.5082212,0.3976042,0.80264276,1.0,1,0,1,poisonous,edible,poisonous
0.65541244,0.810059,0.9986764,1.0,1,1,1,poisonous,poisonous,poisonous
0.59472793,0.7162501,0.9994667,1.0,1,1,1,poisonous,poisonous,poisonous
0.5102504,0.82011265,0.9981509,1.0,1,1,1,poisonous,poisonous,poisonous
0.4625567,0.56195015,0.97284436,1.0,0,1,1,edible,poisonous,poisonous
0.45538232,0.66438395,0.99945897,1.0,0,1,1,edible,poisonous,poisonous
0.52857476,0.4060139,0.4822524,1.0,1,0,0,poisonous,edible,edible
0.7612831,0.6303884,0.99983555,1.0,1,1,1,poisonous,poisonous,poisonous
0.7480367,0.7368273,0.9239415,1.0,1,1,1,poisonous,poisonous,poisonous
0.57642984,0.4024772,0.99987024,1.0,1,0,1,poisonous,edible,poisonous
0.8114711,0.67533374,0.998125,1.0,1,1,1,poisonous,poisonous,poisonous
0.36102638,0.8387625,0.99986076,1.0,0,1,1,edible,poisonous,poisonous
0.39848647,0.25445685,0.0155015355,1.0,0,0,0,edible,edible,edible
0.38039723,0.36815906,0.99922836,1.0,0,0,1,edible,edible,poisonous
0.9455001,0.5340382,0.9994862,1.0,1,1,1,poisonous,poisonous,poisonous
0.71429944,0.73342913,0.9992663,1.0,1,1,1,poisonous,poisonous,poisonous
0.7646757,0.43024006,0.99082094,1.0,1,0,1,poisonous,edible,poisonous
0.51765275,0.86032045,0.9952286,1.0,1,1,1,poisonous,poisonous,poisonous
0.95927566,0.83407426,0.9929383,1.0,1,1,1,poisonous,poisonous,poisonous
0.56941926,0.5348852,0.83293605,1.0,1,1,1,poisonous,poisonous,poisonous
0.11668367,0.6463412,0.9981379,1.0,0,1,1,edible,poisonous,poisonous
0.67594993,0.81014997,0.99997306,1.0,1,1,1,poisonous,poisonous,poisonous
0.3748181,0.53865427,0.9576901,1.0,0,1,1,edible,poisonous,poisonous
0.63555527,0.9691067,0.99693096,1.0,1,1,1,poisonous,poisonous,poisonous
0.615294,0.2933009,0.99339485,1.0,1,0,1,poisonous,edible,poisonous
0.42238793,0.8155696,0.99972034,1.0,0,1,1,edible,poisonous,poisonous
0.45542115,0.8313231,0.9986378,1.0,0,1,1,edible,poisonous,poisonous
0.38344446,0.65043736,0.9921867,1.0,0,1,1,edible,poisonous,poisonous
0.91081095,0.39698642,0.9981003,1.0,1,0,1,poisonous,edible,poisonous
0.67744595,0.7261617,0.9972381,1.0,1,1,1,poisonous,poisonous,poisonous
0.8543327,0.3735006,0.8993471,1.0,1,0,1,poisonous,edible,poisonous
0.756088,0.57676524,0.9826605,1.0,1,1,1,poisonous,poisonous,poisonous
0.9378023,0.53381914,0.9995841,1.0,1,1,1,poisonous,poisonous,poisonous
0.39177614,0.6875017,0.99891675,1.0,0,1,1,edible,poisonous,poisonous
0.740352,0.7602815,0.9939213,1.0,1,1,1,poisonous,poisonous,poisonous
0.9725396,0.85715556,0.99921536,1.0,1,1,1,poisonous,poisonous,poisonous
0.7575954,0.7792045,0.96895236,1.0,1,1,1,poisonous,poisonous,poisonous
0.80580807,0.84228146,0.99678665,1.0,1,1,1,poisonous,poisonous,poisonous
0.43259668,0.7413869,0.9881426,1.0,0,1,1,edible,poisonous,poisonous
0.8769946,0.96537083,0.9999993,1.0,1,1,1,poisonous,poisonous,poisonous
0.5467658,0.3192826,0.9771182,1.0,1,0,1,poisonous,edible,poisonous
0.7477604,0.70093143,0.9929568,1.0,1,1,1,poisonous,poisonous,poisonous
0.8379014,0.7893288,0.9830276,1.0,1,1,1,poisonous,poisonous,poisonous
0.5682581,0.98672545,0.99812376,1.0,1,1,1,poisonous,poisonous,poisonous
0.6896166,0.65546596,0.74176437,1.0,1,1,1,poisonous,poisonous,poisonous
0.760838,0.2979225,0.9929811,1.0,1,0,1,poisonous,edible,poisonous
0.5268534,0.17829561,0.85127,1.0,1,0,1,poisonous,edible,poisonous
0.6326573,0.92021126,0.99830925,1.0,1,1,1,poisonous,poisonous,poisonous
0.648578,0.22914821,0.98376477,1.0,1,0,1,poisonous,edible,poisonous
0.9883699,0.8140763,0.9995819,1.0,1,1,1,poisonous,poisonous,poisonous
0.62090904,0.5138486,0.96663123,1.0,1,1,1,poisonous,poisonous,poisonous
0.8550725,0.24660374,0.9991446,1.0,1,0,1,poisonous,edible,poisonous
0.49316084,0.6959879,0.98560303,1.0,0,1,1,edible,poisonous,poisonous
0.5086931,0.28510225,0.9679277,1.0,1,0,1,poisonous,edible,poisonous
0.81643844,0.9616443,0.9935916,1.0,1,1,1,poisonous,poisonous,poisonous
0.38084814,0.56030315,0.9612612,1.0,0,1,1,edible,poisonous,poisonous
0.75197554,0.818326,0.9923363,1.0,1,1,1,poisonous,poisonous,poisonous
0.4596708,0.36977243,0.6512129,1.0,0,0,1,edible,edible,poisonous
0.7999771,0.761533,0.9963235,1.0,1,1,1,poisonous,poisonous,poisonous
0.79180586,0.1241891,0.99999917,1.0,1,0,1,poisonous,edible,poisonous
0.7538466,0.73505247,0.9934883,1.0,1,1,1,poisonous,poisonous,poisonous
0.43925506,0.79501575,0.98956585,1.0,0,1,1,edible,poisonous,poisonous
0.84244734,0.7999747,0.99113524,1.0,1,1,1,poisonous,poisonous,poisonous
0.65635824,0.7157577,0.9293385,1.0,1,1,1,poisonous,poisonous,poisonous
0.34053156,0.49287236,0.998303,1.0,0,0,1,edible,edible,poisonous
0.53777766,0.25932562,0.98417956,1.0,1,0,1,poisonous,edible,poisonous
0.74912876,0.52780956,0.9062198,1.0,1,1,1,poisonous,poisonous,poisonous
0.52603054,0.14406762,0.9973106,1.0,1,0,1,poisonous,edible,poisonous
0.8610255,0.9348993,0.99785995,1.0,1,1,1,poisonous,poisonous,poisonous
0.4908184,0.5353819,0.8676076,1.0,0,1,1,edible,poisonous,poisonous
0.81061935,0.9892038,0.99954236,1.0,1,1,1,poisonous,poisonous,poisonous
0.76801914,0.9020102,0.9980541,1.0,1,1,1,poisonous,poisonous,poisonous
0.7984898,0.97936994,0.998193,1.0,1,1,1,poisonous,poisonous,poisonous
0.7452463,0.9822795,0.9999891,1.0,1,1,1,poisonous,poisonous,poisonous
0.21750712,0.118347704,0.9812523,1.0,0,0,1,edible,edible,poisonous
0.94906086,0.9851787,0.9998636,1.0,1,1,1,poisonous,poisonous,poisonous
0.8257938,0.7985453,0.99710083,1.0,1,1,1,poisonous,poisonous,poisonous
0.8842271,0.9776162,0.9997391,1.0,1,1,1,poisonous,poisonous,poisonous
0.9986545,0.9708819,0.9999362,1.0,1,1,1,poisonous,poisonous,poisonous
0.63002324,0.7382039,0.8864376,1.0,1,1,1,poisonous,poisonous,poisonous
0.7303463,0.91546,0.9991329,1.0,1,1,1,poisonous,poisonous,poisonous
0.9350473,0.78114,0.9996286,1.0,1,1,1,poisonous,poisonous,poisonous
0.9096162,0.9671304,0.9998781,1.0,1,1,1,poisonous,poisonous,poisonous
0.9655215,0.56869715,0.99843013,1.0,1,1,1,poisonous,poisonous,poisonous
0.9735274,0.9440934,0.99848074,1.0,1,1,1,poisonous,poisonous,poisonous
0.37858313,0.86797523,0.9996827,1.0,0,1,1,edible,poisonous,poisonous
0.4483753,0.9607292,0.99737185,1.0,0,1,1,edible,poisonous,poisonous
0.63435376,0.9239899,0.9975974,1.0,1,1,1,poisonous,poisonous,poisonous
0.6748706,0.7803109,0.9989632,1.0,1,1,1,poisonous,poisonous,poisonous
0.8925727,0.9139742,0.9999886,1.0,1,1,1,poisonous,poisonous,poisonous
0.8574545,0.8123019,0.9998044,1.0,1,1,1,poisonous,poisonous,poisonous
0.89329135,0.9536591,0.998882,1.0,1,1,1,poisonous,poisonous,poisonous
0.6728468,0.699917,0.99662185,1.0,1,1,1,poisonous,poisonous,poisonous
0.42776084,0.6153153,0.91690475,1.0,0,1,1,edible,poisonous,poisonous
0.30329522,0.065915294,0.7812658,1.0,0,0,1,edible,edible,poisonous
0.5462117,0.8063825,0.9994205,1.0,1,1,1,poisonous,poisonous,poisonous
0.7646608,0.7994274,0.99916303,1.0,1,1,1,poisonous,poisonous,poisonous
0.9855419,0.96165484,0.99977434,1.0,1,1,1,poisonous,poisonous,poisonous
0.9488952,0.860651,0.999819,1.0,1,1,1,poisonous,poisonous,poisonous
0.8236211,0.96508926,0.9895129,1.0,1,1,1,poisonous,poisonous,poisonous
0.4488025,0.7149144,0.988232,1.0,0,1,1,edible,poisonous,poisonous
0.6206493,0.77369726,0.9995834,1.0,1,1,1,poisonous,poisonous,poisonous
0.7424749,0.80043495,0.99989736,1.0,1,1,1,poisonous,poisonous,poisonous
0.96505445,0.91762584,0.9983737,1.0,1,1,1,poisonous,poisonous,poisonous
0.73809105,0.75113034,0.9973637,1.0,1,1,1,poisonous,poisonous,poisonous
0.92282844,0.950212,0.9993941,1.0,1,1,1,poisonous,poisonous,poisonous
0.76497495,0.8853733,0.99995875,1.0,1,1,1,poisonous,poisonous,poisonous
0.97350633,0.9087254,0.9997888,1.0,1,1,1,poisonous,poisonous,poisonous
0.8294621,0.685091,0.9969756,1.0,1,1,1,poisonous,poisonous,poisonous
0.9544209,0.95319706,0.9998478,1.0,1,1,1,poisonous,poisonous,poisonous
0.66826755,0.6129954,0.99985737,1.0,1,1,1,poisonous,poisonous,poisonous
0.24635337,0.53978664,0.99941355,1.0,0,1,1,edible,poisonous,poisonous
0.9138473,0.6595089,0.99534076,1.0,1,1,1,poisonous,poisonous,poisonous
0.88324,0.89367115,0.88064396,1.0,1,1,1,poisonous,poisonous,poisonous
0.5065514,0.55046093,0.9971623,1.0,1,1,1,poisonous,poisonous,poisonous
0.68346035,0.8744358,0.99206793,1.0,1,1,1,poisonous,poisonous,poisonous
0.9443346,0.82875615,0.99852103,1.0,1,1,1,poisonous,poisonous,poisonous
0.52649134,0.611354,0.9973529,1.0,1,1,1,poisonous,poisonous,poisonous
0.8621463,0.53601223,0.99422866,1.0,1,1,1,poisonous,poisonous,poisonous
0.5533977,0.6395843,0.99008906,1.0,1,1,1,poisonous,poisonous,poisonous
0.7766715,0.9444868,0.9999554,1.0,1,1,1,poisonous,poisonous,poisonous
0.67425555,0.95507145,0.9958631,1.0,1,1,1,poisonous,poisonous,poisonous
0.67553383,0.60040396,0.7696439,1.0,1,1,1,poisonous,poisonous,poisonous
0.89790606,0.8310383,0.9999009,1.0,1,1,1,poisonous,poisonous,poisonous
0.26947224,0.35139015,0.9871156,1.0,0,0,1,edible,edible,poisonous
0.45745394,0.24515761,0.9900742,1.0,0,0,1,edible,edible,poisonous
0.917053,0.7770215,0.9988993,1.0,1,1,1,poisonous,poisonous,poisonous
0.8208688,0.78222543,0.9990315,1.0,1,1,1,poisonous,poisonous,poisonous
0.81730705,0.92936224,0.99999285,1.0,1,1,1,poisonous,poisonous,poisonous
0.2550492,0.27134135,0.8872748,1.0,0,0,1,edible,edible,poisonous
0.89594334,0.8241758,0.99618214,1.0,1,1,1,poisonous,poisonous,poisonous
0.9194816,0.8302396,0.9997834,1.0,1,1,1,poisonous,poisonous,poisonous
0.71893126,0.73196214,0.49411994,1.0,1,1,0,poisonous,poisonous,edible
0.591005,0.7378638,0.99803555,1.0,1,1,1,poisonous,poisonous,poisonous
0.86225456,0.98700964,0.9994843,1.0,1,1,1,poisonous,poisonous,poisonous
0.9234904,0.9133711,0.998028,1.0,1,1,1,poisonous,poisonous,poisonous
0.92165154,0.96759206,0.99832964,1.0,1,1,1,poisonous,poisonous,poisonous
0.46324718,0.2803618,0.9763707,1.0,0,0,1,edible,edible,poisonous
0.7873671,0.9552916,0.9999189,1.0,1,1,1,poisonous,poisonous,poisonous
0.57636946,0.9303407,0.9556845,1.0,1,1,1,poisonous,poisonous,poisonous
0.7503694,0.60257816,0.99571884,1.0,1,1,1,poisonous,poisonous,poisonous
0.8320171,0.84760624,0.9943996,1.0,1,1,1,poisonous,poisonous,poisonous
0.6009149,0.9102307,0.9992446,1.0,1,1,1,poisonous,poisonous,poisonous
0.74615926,0.8720027,0.99881554,1.0,1,1,1,poisonous,poisonous,poisonous
0.8918989,0.77828765,0.9914808,1.0,1,1,1,poisonous,poisonous,poisonous
0.85350704,0.88750684,0.99950814,1.0,1,1,1,poisonous,poisonous,poisonous
0.5009378,0.3648188,0.982994,1.0,1,0,1,poisonous,edible,poisonous
0.83591,0.723471,0.9257778,1.0,1,1,1,poisonous,poisonous,poisonous
0.75646895,0.8501066,0.9953353,1.0,1,1,1,poisonous,poisonous,poisonous
0.916782,0.8504436,0.99575144,1.0,1,1,1,poisonous,poisonous,poisonous
0.9775557,0.9132511,0.99999434,1.0,1,1,1,poisonous,poisonous,poisonous
0.4338794,0.4623914,0.9930266,1.0,0,0,1,edible,edible,poisonous
0.77702594,0.98153335,0.99980897,1.0,1,1,1,poisonous,poisonous,poisonous
0.7054343,0.8917968,0.99932617,1.0,1,1,1,poisonous,poisonous,poisonous
0.98628217,0.97604,0.9995554,1.0,1,1,1,poisonous,poisonous,poisonous
0.9567508,0.97811466,0.9998966,1.0,1,1,1,poisonous,poisonous,poisonous
0.92865014,0.90476346,0.9982407,1.0,1,1,1,poisonous,poisonous,poisonous
0.79026985,0.7823222,0.99664795,1.0,1,1,1,poisonous,poisonous,poisonous
0.957065,0.595135,0.9994194,1.0,1,1,1,poisonous,poisonous,poisonous
0.4927861,0.67011434,0.99657345,1.0,0,1,1,edible,poisonous,poisonous
0.80178934,0.65087634,0.9386167,1.0,1,1,1,poisonous,poisonous,poisonous
0.97734123,0.984769,0.9999091,1.0,1,1,1,poisonous,poisonous,poisonous
0.591005,0.7378638,0.99803555,1.0,1,1,1,poisonous,poisonous,poisonous
0.957065,0.595135,0.9994194,1.0,1,1,1,poisonous,poisonous,poisonous
0.66292804,0.75472546,0.999781,1.0,1,1,1,poisonous,poisonous,poisonous
0.9452928,0.76361305,0.9989212,1.0,1,1,1,poisonous,poisonous,poisonous
0.84451663,0.7372122,0.9998526,1.0,1,1,1,poisonous,poisonous,poisonous
0.37662458,0.4007925,0.99622834,1.0,0,0,1,edible,edible,poisonous
0.80491126,0.87402,0.99990934,1.0,1,1,1,poisonous,poisonous,poisonous
0.8703345,0.7899604,0.977951,1.0,1,1,1,poisonous,poisonous,poisonous
0.8182642,0.994146,0.99983466,1.0,1,1,1,poisonous,poisonous,poisonous
0.47557524,0.2863257,0.9942865,1.0,0,0,1,edible,edible,poisonous
0.83708507,0.9214362,0.9999879,1.0,1,1,1,poisonous,poisonous,poisonous
0.54169977,0.73733294,0.8974755,1.0,1,1,1,poisonous,poisonous,poisonous
0.68247014,0.66969174,0.99655294,1.0,1,1,1,poisonous,poisonous,poisonous
0.81155866,0.83470345,0.999738,1.0,1,1,1,poisonous,poisonous,poisonous
0.9496638,0.84070015,0.9979892,1.0,1,1,1,poisonous,poisonous,poisonous
0.9514238,0.9249263,0.9823236,1.0,1,1,1,poisonous,poisonous,poisonous
0.5721415,0.75529563,0.99409235,1.0,1,1,1,poisonous,poisonous,poisonous
0.862421,0.9100833,0.99957114,1.0,1,1,1,poisonous,poisonous,poisonous
0.5765407,0.69031835,0.99818647,1.0,1,1,1,poisonous,poisonous,poisonous
0.81088763,0.26908657,0.9742336,1.0,1,0,1,poisonous,edible,poisonous
0.4729643,0.8874705,0.99705726,1.0,0,1,1,edible,poisonous,poisonous
0.087445945,0.17626771,8.044981e-05,1.0,0,0,0,edible,edible,edible
0.7844343,0.41504407,0.9993613,1.0,1,0,1,poisonous,edible,poisonous
0.83193713,0.9007072,0.9996955,1.0,1,1,1,poisonous,poisonous,poisonous
0.43407083,0.25633177,0.043266084,1.0,0,0,0,edible,edible,edible
0.63188225,0.30418098,0.9890122,1.0,1,0,1,poisonous,edible,poisonous
0.8208688,0.78222543,0.9990315,1.0,1,1,1,poisonous,poisonous,poisonous
0.83408153,0.7469769,0.99970233,1.0,1,1,1,poisonous,poisonous,poisonous
0.70269257,0.73372513,0.9953756,1.0,1,1,1,poisonous,poisonous,poisonous
0.79765046,0.8686674,0.99861044,1.0,1,1,1,poisonous,poisonous,poisonous
0.4432917,0.71623105,0.9092734,1.0,0,1,1,edible,poisonous,poisonous
0.85350704,0.88750684,0.99950814,1.0,1,1,1,poisonous,poisonous,poisonous
0.49839336,0.9794708,0.9992985,1.0,0,1,1,edible,poisonous,poisonous
0.9535804,0.9862748,0.99997056,1.0,1,1,1,poisonous,poisonous,poisonous
0.9775557,0.9132511,0.99999434,1.0,1,1,1,poisonous,poisonous,poisonous
0.8897461,0.9715511,0.9998815,1.0,1,1,1,poisonous,poisonous,poisonous
0.8783461,0.9116667,0.9999248,1.0,1,1,1,poisonous,poisonous,poisonous
0.8888739,0.755075,0.99994224,1.0,1,1,1,poisonous,poisonous,poisonous
0.9269797,0.8150554,0.99825877,1.0,1,1,1,poisonous,poisonous,poisonous
0.5064323,0.39760137,0.99548256,1.0,1,0,1,poisonous,edible,poisonous
0.7496443,0.9803181,0.9865968,1.0,1,1,1,poisonous,poisonous,poisonous
0.9044225,0.9458282,0.9997104,1.0,1,1,1,poisonous,poisonous,poisonous
0.912806,0.8012493,0.9999915,1.0,1,1,1,poisonous,poisonous,poisonous
0.9273689,0.7992465,0.9947772,1.0,1,1,1,poisonous,poisonous,poisonous
0.89874524,0.91767055,0.9997294,1.0,1,1,1,poisonous,poisonous,poisonous
0.96719635,0.9646674,0.9997409,1.0,1,1,1,poisonous,poisonous,poisonous
0.290798,0.39419335,0.93585545,1.0,0,0,1,edible,edible,poisonous
0.48337093,0.19928712,0.9742934,1.0,0,0,1,edible,edible,poisonous
0.91928947,0.89385605,0.9986479,1.0,1,1,1,poisonous,poisonous,poisonous
0.7215596,0.8083481,0.9998527,1.0,1,1,1,poisonous,poisonous,poisonous
0.7003918,0.5322024,0.9921287,1.0,1,1,1,poisonous,poisonous,poisonous
0.91239953,0.92883223,0.9977106,1.0,1,1,1,poisonous,poisonous,poisonous
0.06555648,0.7631773,0.024861306,1.0,0,1,0,edible,poisonous,edible
0.9396684,0.9838567,0.99995047,1.0,1,1,1,poisonous,poisonous,poisonous
0.8714871,0.95763886,0.9998815,1.0,1,1,1,poisonous,poisonous,poisonous
0.7110156,0.6018994,0.9914032,1.0,1,1,1,poisonous,poisonous,poisonous
0.92806834,0.9424634,0.99759465,1.0,1,1,1,poisonous,poisonous,poisonous
0.43603325,0.9679516,0.9997184,1.0,0,1,1,edible,poisonous,poisonous
0.5991914,0.62743694,0.99986833,1.0,1,1,1,poisonous,poisonous,poisonous
0.28147063,0.15307948,0.9931568,1.0,0,0,1,edible,edible,poisonous
0.82017237,0.7715927,0.9983821,1.0,1,1,1,poisonous,poisonous,poisonous
0.6555782,0.2866,0.9760529,1.0,1,0,1,poisonous,edible,poisonous
0.9247117,0.8809541,0.99959636,1.0,1,1,1,poisonous,poisonous,poisonous
0.82024103,0.9290908,0.9999982,1.0,1,1,1,poisonous,poisonous,poisonous
0.7484129,0.4493425,0.9835106,1.0,1,0,1,poisonous,edible,poisonous
0.43545762,0.6970943,0.9990397,1.0,0,1,1,edible,poisonous,poisonous
0.48649877,0.5397106,0.9971381,1.0,0,1,1,edible,poisonous,poisonous
0.7342946,0.76789546,0.9998918,1.0,1,1,1,poisonous,poisonous,poisonous
0.73721945,0.73419654,0.99821323,1.0,1,1,1,poisonous,poisonous,poisonous
0.9213864,0.9074254,0.98302084,1.0,1,1,1,poisonous,poisonous,poisonous
0.40491593,0.8460407,0.7796231,1.0,0,1,1,edible,poisonous,poisonous
0.9768692,0.9836461,0.99987555,1.0,1,1,1,poisonous,poisonous,poisonous
0.5986584,0.76974845,0.99903035,1.0,1,1,1,poisonous,poisonous,poisonous
0.7996412,0.9166944,0.7641272,1.0,1,1,1,poisonous,poisonous,poisonous
0.9403005,0.90375143,0.99958766,1.0,1,1,1,poisonous,poisonous,poisonous
0.81566244,0.7706332,0.99707407,1.0,1,1,1,poisonous,poisonous,poisonous
0.87455684,0.79069495,0.99994045,1.0,1,1,1,poisonous,poisonous,poisonous
0.616277,0.8887931,0.99992377,1.0,1,1,1,poisonous,poisonous,poisonous
0.77899563,0.64954334,0.9982737,1.0,1,1,1,poisonous,poisonous,poisonous
0.5508325,0.60860735,0.99776167,1.0,1,1,1,poisonous,poisonous,poisonous
0.5866938,0.6033714,0.6168389,1.0,1,1,1,poisonous,poisonous,poisonous
0.39774302,0.49073547,0.9806676,1.0,0,0,1,edible,edible,poisonous
0.68534416,0.7013465,0.9751859,1.0,1,1,1,poisonous,poisonous,poisonous
0.15272136,0.36785224,0.9837409,1.0,0,0,1,edible,edible,poisonous
0.42128652,0.38731015,0.8977293,1.0,0,0,1,edible,edible,poisonous
0.93327415,0.8889545,0.99614364,1.0,1,1,1,poisonous,poisonous,poisonous
0.7025973,0.87493676,0.9975075,1.0,1,1,1,poisonous,poisonous,poisonous
0.6983299,0.59981763,0.8028837,1.0,1,1,1,poisonous,poisonous,poisonous
0.6071662,0.58756274,0.97234553,1.0,1,1,1,poisonous,poisonous,poisonous
0.5251491,0.59518826,0.99870145,1.0,1,1,1,poisonous,poisonous,poisonous
0.8020391,0.4325889,0.9951906,1.0,1,0,1,poisonous,edible,poisonous
0.79547405,0.5734306,0.9694469,1.0,1,1,1,poisonous,poisonous,poisonous
0.8802384,0.9656065,0.9962763,1.0,1,1,1,poisonous,poisonous,poisonous
0.81678843,0.6498929,0.99936336,1.0,1,1,1,poisonous,poisonous,poisonous
0.55850154,0.67625487,0.97377837,1.0,1,1,1,poisonous,poisonous,poisonous
0.34949628,0.23516616,0.20562778,1.0,0,0,0,edible,edible,edible
0.553027,0.66163915,0.9951182,1.0,1,1,1,poisonous,poisonous,poisonous
0.45710164,0.45539725,0.9964593,1.0,0,0,1,edible,edible,poisonous
0.940593,0.7405236,0.99215716,1.0,1,1,1,poisonous,poisonous,poisonous
0.980915,0.9912711,0.9999122,1.0,1,1,1,poisonous,poisonous,poisonous
0.8879522,0.978251,0.9996943,1.0,1,1,1,poisonous,poisonous,poisonous
0.49468762,0.52952623,0.998313,1.0,0,1,1,edible,poisonous,poisonous
0.5416567,0.42109266,0.9966765,1.0,1,0,1,poisonous,edible,poisonous
0.60123914,0.8043158,0.9988093,1.0,1,1,1,poisonous,poisonous,poisonous
0.93044317,0.9452748,0.99744534,1.0,1,1,1,poisonous,poisonous,poisonous
0.27018395,0.45368463,0.95343477,1.0,0,0,1,edible,edible,poisonous
0.9449433,0.8825602,0.997985,1.0,1,1,1,poisonous,poisonous,poisonous
0.77157444,0.55584484,0.9997528,1.0,1,1,1,poisonous,poisonous,poisonous
0.84079605,0.41065225,0.9925392,1.0,1,0,1,poisonous,edible,poisonous
0.9518402,0.9163278,0.99737155,1.0,1,1,1,poisonous,poisonous,poisonous
0.7316113,0.9569989,0.9960755,1.0,1,1,1,poisonous,poisonous,poisonous
0.9513163,0.64592665,0.99619997,1.0,1,1,1,poisonous,poisonous,poisonous
0.5839572,0.30092826,0.98604524,1.0,1,0,1,poisonous,edible,poisonous
0.7403435,0.6819675,0.633851,1.0,1,1,1,poisonous,poisonous,poisonous
0.6989763,0.59136266,0.97645944,1.0,1,1,1,poisonous,poisonous,poisonous
0.23917079,0.34620094,0.9980577,1.0,0,0,1,edible,edible,poisonous
0.9266555,0.7688565,0.9158599,1.0,1,1,1,poisonous,poisonous,poisonous
0.90893245,0.496769,0.99809116,1.0,1,0,1,poisonous,edible,poisonous
0.94935495,0.5530589,0.9778613,1.0,1,1,1,poisonous,poisonous,poisonous
0.81922543,0.6275509,0.9733414,1.0,1,1,1,poisonous,poisonous,poisonous
0.75766456,0.27553803,0.978956,1.0,1,0,1,poisonous,edible,poisonous
0.828575,0.32276538,0.9986519,1.0,1,0,1,poisonous,edible,poisonous
0.9319821,0.6352565,0.99050343,1.0,1,1,1,poisonous,poisonous,poisonous
0.2915695,0.06107742,0.9735027,1.0,0,0,1,edible,edible,poisonous
0.88167137,0.9276397,0.96396786,1.0,1,1,1,poisonous,poisonous,poisonous
0.27982083,0.438061,0.9997638,1.0,0,0,1,edible,edible,poisonous
0.75732285,0.9361943,0.9919248,1.0,1,1,1,poisonous,poisonous,poisonous
0.54271907,0.547505,0.99827343,1.0,1,1,1,poisonous,poisonous,poisonous
0.23710512,0.06330121,0.81462604,1.0,0,0,1,edible,edible,poisonous
0.619557,0.70926243,0.9997856,1.0,1,1,1,poisonous,poisonous,poisonous
0.5546697,0.66942596,0.97673285,1.0,1,1,1,poisonous,poisonous,poisonous
0.8895599,0.84549516,0.9829653,1.0,1,1,1,poisonous,poisonous,poisonous
0.5845354,0.8171536,0.9955687,1.0,1,1,1,poisonous,poisonous,poisonous
0.8333492,0.721689,0.9845672,1.0,1,1,1,poisonous,poisonous,poisonous
0.30550045,0.7920956,0.99519396,1.0,0,1,1,edible,poisonous,poisonous
0.1467516,0.26354966,0.0011775099,1.0,0,0,0,edible,edible,edible
0.5850826,0.6233819,0.997568,1.0,1,1,1,poisonous,poisonous,poisonous
0.90425247,0.8083392,0.99730515,1.0,1,1,1,poisonous,poisonous,poisonous
0.78252757,0.66982526,0.99670875,1.0,1,1,1,poisonous,poisonous,poisonous
0.41547695,0.3342351,0.9843691,1.0,0,0,1,edible,edible,poisonous
0.31340736,0.3877099,0.99976593,1.0,0,0,1,edible,edible,poisonous
0.8895599,0.84549516,0.9829653,1.0,1,1,1,poisonous,poisonous,poisonous
0.86634505,0.75520796,0.9958576,1.0,1,1,1,poisonous,poisonous,poisonous
0.37038898,0.24166541,0.93575966,1.0,0,0,1,edible,edible,poisonous
0.68932384,0.4917434,0.9936271,1.0,1,0,1,poisonous,edible,poisonous
0.5356333,0.78548837,0.99742943,1.0,1,1,1,poisonous,poisonous,poisonous
0.5262205,0.7875788,0.99929345,1.0,1,1,1,poisonous,poisonous,poisonous
0.34053624,0.68526495,0.9997426,1.0,0,1,1,edible,poisonous,poisonous
0.71329075,0.7023593,0.9986701,1.0,1,1,1,poisonous,poisonous,poisonous
0.63026285,0.9059957,0.98633647,1.0,1,1,1,poisonous,poisonous,poisonous
0.9518402,0.9163278,0.99737155,1.0,1,1,1,poisonous,poisonous,poisonous
0.92316,0.91090715,0.9984062,1.0,1,1,1,poisonous,poisonous,poisonous
0.8916951,0.94885725,0.99760437,1.0,1,1,1,poisonous,poisonous,poisonous
0.3309684,0.76633185,0.9498649,1.0,0,1,1,edible,poisonous,poisonous
0.76331043,0.6591934,0.99773705,1.0,1,1,1,poisonous,poisonous,poisonous
0.72182536,0.6811722,0.9831049,1.0,1,1,1,poisonous,poisonous,poisonous
0.7476066,0.9555866,0.99591935,1.0,1,1,1,poisonous,poisonous,poisonous
0.5013356,0.29427087,0.018366572,1.0,1,0,0,poisonous,edible,edible
0.7324745,0.8971643,0.98150456,1.0,1,1,1,poisonous,poisonous,poisonous
0.844506,0.76355606,0.9999748,1.0,1,1,1,poisonous,poisonous,poisonous
0.8460246,0.64921784,0.9344329,1.0,1,1,1,poisonous,poisonous,poisonous
0.53129244,0.5534388,0.99326086,1.0,1,1,1,poisonous,poisonous,poisonous
0.48129338,0.15585789,0.33013228,1.0,0,0,0,edible,edible,edible
0.5845354,0.8171536,0.9955687,1.0,1,1,1,poisonous,poisonous,poisonous
0.8171775,0.7782211,0.994111,1.0,1,1,1,poisonous,poisonous,poisonous
0.82402664,0.5076964,0.9661594,1.0,1,1,1,poisonous,poisonous,poisonous
0.87488556,0.8204208,0.99949056,1.0,1,1,1,poisonous,poisonous,poisonous
0.08507146,0.27940765,0.9410026,1.0,0,0,1,edible,edible,poisonous
0.7704433,0.83117956,0.99514115,1.0,1,1,1,poisonous,poisonous,poisonous
